motile_Genes;primary_Genes;gold_Genes;negative_Genes;motile_primary_Genes;motile_gold_Genes;motile_negative_Genes;primary_gold_Genes;primary_negative_Genes;motile_gold_primary_Genes
ABCA5;NPDC1;ABCC4;PGAP1;DCDC2B;AGR3;B3GNT7;NPHP4;ENPP1;CC2D2A
ABCA13;LOXHD1;ABLIM1;ELANE;MAPK10;AK7;CHST6;AKT1;UGCG;CLUAP1
ADGB;APLP1;ABLIM3;MOCS3;OSCP1;ARMC2;COL21A1;RAB11FIP3;ACOT8;DYNC2H1
AGBL2;PAM;ACE2;MOCS2;WDR54;B9D1;MUC4;KIF17;KCNK18;DYNC2LI1
AK9;ALK;ACTR2;MOCS1;NA;BBOF1;MUC15;WDR35;ABCD1;IFT22
AKAP14;CD9;ADAM17;IFNAR1;NA;CCDC40;PPOX;TUB;GCNT1;IFT57
ALDH3B1;ATF1;ADAMTS20;PMM2;NA;CCDC65;SLC27A2;MAPK1;UGT1A1;IFT80
ANKRD66;CAMTA2;ADAMTS9;TYK2;NA;CCDC78;SQLE;BBS7;SQOR;IFT81
ANKUB1;FOXO1;ADCY3;PMM1;NA;CCDC181;NA;IFT74;GBA;IFT88
ARHGAP18;GDE1;ADCY5;SAR1B;NA;CCP110;NA;IFT46;NA;IFT122
ARHGAP39;KCNN1;ADCY6;SLC6A6;NA;CEP83;NA;CNGB1;NA;IFT140
ARMC3;PDE2A;ADGRV1;NDUFAB1;NA;CEP290;NA;TTC8;NA;IFT172
BAIAP2L1;GUCY2D;AGBL5;OGDH;NA;CETN2;NA;ARMC9;NA;KIF19
BCO2;GNAO1;AHI1;LYVE1;NA;CFAP36;NA;TUBB4B;NA;MAK
C1orf87;EGFLAM;AIPL1;CYP46A1;NA;CFAP43;NA;FBF1;NA;NEK10
C2orf73;PRKCE;AK8;NDUFB7;NA;CFAP52;NA;RPGRIP1L;NA;NPHP1
C4orf47;TRPV5;ALMS1;ABCD3;NA;CFAP53;NA;BBS5;NA;RP1
C6orf118;RABGEF1;ALPK1;IRAK1;NA;CFAP54;NA;KCTD10;NA;TCTN1
C7orf57;DYRK3;ANAPC2;IFNA17;NA;CFAP57;NA;KCNQ1;NA;TMEM67
C9orf24;ARHGAP6;ANKRD26;IFNA16;NA;CFAP65;NA;EFCAB7;NA;TMEM231
C10orf95;FOXP1;ANKS3;IRAK4;NA;CFAP69;NA;BBS2;NA;TOGARAM1
C11orf16;LITAF;ANKS6;IFNA14;NA;CFAP70;NA;CNGA1;NA;TRAF3IP1
C11orf97;GUCY1B1;ANO1;SLC38A5;NA;CFAP100;NA;BBS1;NA;WDR19
C17orf97;KCNH5;ANO2;SLC38A4;NA;CFAP126;NA;SAXO1;NA;NA
C20orf85;TTLL11;ARF4;SLC38A1;NA;CFAP157;NA;BBS9;NA;NA
C20orf96;SCYL2;ARHGAP36;LHB;NA;CFAP221;NA;CEP104;NA;NA
C21orf58;KCNA1;ARL2;SLC38A3;NA;CFAP251;NA;ARL13B;NA;NA
C22orf15;CAMK1;ARL2BP;SLC38A2;NA;CFAP298;NA;IFT52;NA;NA
CABCOCO1;NPC1;ARL3;MUC7;NA;CFAP300;NA;TTC26;NA;NA
CAPS;ATF2;ASAP1;BCAT1;NA;CIBAR2;NA;BBS4;NA;NA
CAPSL;PTCHD1;ATAT1;BGN;NA;CPLANE1;NA;PPARA;NA;NA
CASC2;ARPP21;ATG3;MUC19;NA;CROCC;NA;PTPDC1;NA;NA
CASZ1;RXRA;ATG5;MUC16;NA;CSPP1;NA;RAB28;NA;NA
CATSPERD;SLC13A2;ATMIN;CHSY1;NA;DAW1;NA;RP2;NA;NA
CCDC17;EGLN1;ATOH1;MUC13;NA;DLEC1;NA;CNGA2;NA;NA
CCDC30;BAIAP3;ATP4A;MUC12;NA;DNAAF3;NA;ARL6;NA;NA
CCDC57;ARRDC1;ATXN10;CNDP2;NA;DNAAF4;NA;TMEM237;NA;NA
CCDC60;GUK1;AURKA;L2HGDH;NA;DNAAF6;NA;DRD2;NA;NA
CCDC74A;ZMYND11;B9D2;COL7A1;NA;DNAAF11;NA;PDE6D;NA;NA
CCDC74B;SLC35F6;BAG6;D2HGDH;NA;DNAH2;NA;IFT20;NA;NA
CCDC88C;PDE1A;BBIP1;SUCLA2;NA;DNAH5;NA;NA;NA;NA
CCDC96;SEC14L1;BBS10;MMP14;NA;DNAH6;NA;NA;NA;NA
CCDC113;SLC44A2;BBS12;MMP15;NA;DNAH7;NA;NA;NA;NA
CCDC146;SMC4;C2CD3;HSD17B10;NA;DNAH9;NA;NA;NA;NA
CCDC153;PTBP1;CFAP418;MMP17;NA;DNAH10;NA;NA;NA;NA
CCDC170;EGR1;CACNA1C;MMP10;NA;DNAH11;NA;NA;NA;NA
CCDC191;GNAI3;CATIP;MMP11;NA;DNAI1;NA;NA;NA;NA
CD164L2;AHR;CAV1;MMP13;NA;DNAI2;NA;NA;NA;NA
CDHR3;ODR4;CBY1;C1GALT1C1;NA;DNAI3;NA;NA;NA;NA
CDHR4;PGRMC1;CCDC103;EDC3;NA;DNAI4;NA;NA;NA;NA
CEP126;NIPA2;CCDC13;EDC4;NA;DNAJB13;NA;NA;NA;NA
CES4A;PLSCR1;ODAD3;TPK1;NA;DNAL1;NA;NA;NA;NA
CFAP44;CD151;CCDC28B;COL3A1;NA;DNALI1;NA;NA;NA;NA
CFAP45;PTPRB;CCDC39;TST;NA;DPCD;NA;NA;NA;NA
CFAP46;FAAH2;CCDC66;PANK1;NA;DRC1;NA;NA;NA;NA
CFAP73;GNG7;CCNO;PANK3;NA;DRC3;NA;NA;NA;NA
CFAP74;HNF4A;CCT2;PANK4;NA;DYNC2I1;NA;NA;NA;NA
CFAP77;UPP1;CDC14A;ABCA7;NA;DYNC2I2;NA;NA;NA;NA
CFAP91;RGS17;CDC20;UQCRB;NA;DYNLRB2;NA;NA;NA;NA
CFAP206;SLC16A14;CDC20B;DIO1;NA;DYNLT2B;NA;NA;NA;NA
CFAP299;FBXO25;CDH23;DIO2;NA;DZANK1;NA;NA;NA;NA
CLDN3;CDKL1;CDK10;DIO3;NA;DZIP1L;NA;NA;NA;NA
CLHC1;SLC24A2;CDK20;ABCA2;NA;EFHC1;NA;NA;NA;NA
CLIC6;GRAMD4;CDKL5;FURIN;NA;ENKUR;NA;NA;NA;NA
CLMN;ABCC3;CDKN1B;JAK1;NA;FANK1;NA;NA;NA;NA
CNTRL;AK5;CELSR2;NCAN;NA;FOXJ1;NA;NA;NA;NA
CRACDL;UFSP2;CELSR3;HMMR;NA;GAS2L2;NA;NA;NA;NA
CRNDE;KCND2;CENPF;IDUA;NA;GAS8;NA;NA;NA;NA
CTXN1;NR4A1;CENPJ;KCNK16;NA;HYDIN;NA;NA;NA;NA
CYB561;ECE1;CEP120;KCNK17;NA;IFT27;NA;NA;NA;NA
DCDC1;SCNN1G;CEP128;KCNK13;NA;IFT43;NA;NA;NA;NA
DENND6B;RBPMS;CEP131;HMGCS1;NA;IFTAP;NA;NA;NA;NA
DMD;PPARD;CEP135;SLC39A8;NA;INTU;NA;NA;NA;NA
DMKN;PXDN;CEP162;COL4A5;NA;IQCE;NA;NA;NA;NA
DNAH3;SLC17A5;CEP164;COL4A4;NA;KIF3A;NA;NA;NA;NA
DNAH12;CYGB;CEP170;COL4A2;NA;LRRC23;NA;NA;NA;NA
DNAI7;HEXD;CEP19;CHST1;NA;LRRC34;NA;NA;NA;NA
DTHD1;POR;CEP250;SLC39A1;NA;MAPK15;NA;NA;NA;NA
DYDC2;LIPE;CEP350;SLC39A2;NA;MLF1;NA;NA;NA;NA
DYNLT4;ATP9B;CEP41;CHST2;NA;MNS1;NA;NA;NA;NA
DYNLT5;CDC34;CEP68;CHST5;NA;MOK;NA;NA;NA;NA
DZIP3;GDPGP1;CEP72;MCCC2;NA;MORN5;NA;NA;NA;NA
ECT2L;OTX2;CEP78;SLC39A6;NA;NEK1;NA;NA;NA;NA
EFCAB2;DHRS1;CEP89;GSTO1;NA;NME5;NA;NA;NA;NA
EFCAB10;DCAKD;CEP97;PSIP1;NA;ODAD1;NA;NA;NA;NA
EFHC2;NPY1R;CETN3;SULT4A1;NA;ODAD2;NA;NA;NA;NA
ERICH3;ELMOD3;CFAP161;PSAP;NA;ODAD4;NA;NA;NA;NA
FAM81B;PAX6;CFAP410;PPIB;NA;PACRG;NA;NA;NA;NA
FAM166B;SYT7;CFAP47;NDUFB4;NA;PIFO;NA;NA;NA;NA
FAM216B;KIF28P;CFAP58;CBS;NA;PPP1R42;NA;NA;NA;NA
FAM227A;HECA;CHMP4B;GFPT2;NA;PROM1;NA;NA;NA;NA
FAM229B;CYP3A4;CILK1;ACP5;NA;RABL2A;NA;NA;NA;NA
FBXO15;DEGS1;CIP2A;GANAB;NA;RABL2B;NA;NA;NA;NA
FHAD1;STOM;CLCN4;PAG1;NA;RFX2;NA;NA;NA;NA
FRMPD2;ABCB1;CLDN2;SMS;NA;RFX3;NA;NA;NA;NA
FYB2;PDE10A;CLRN1;PRKCSH;NA;ROPN1L;NA;NA;NA;NA
GALNS;NIM1K;CNGA4;CSGALNACT2;NA;RSPH1;NA;NA;NA;NA
GIPR;SLC51A;CPLANE2;GALNT5;NA;RSPH3;NA;NA;NA;NA
GON7;TTC39A;CRB3;GLS;NA;RSPH4A;NA;NA;NA;NA
GPR162;CCKAR;CRHR2;COL2A1;NA;RSPH9;NA;NA;NA;NA
GSTA1;NCS1;CSNK1D;GALNT6;NA;RUVBL1;NA;NA;NA;NA
HAGHL;FAAH;CTNNB1;NDUFV3;NA;SPA17;NA;NA;NA;NA
HOATZ;REG1A;CUL7;SLC36A2;NA;SPAG1;NA;NA;NA;NA
HSPBP1;SLC12A4;CYLD;SLC36A1;NA;SPAG6;NA;NA;NA;NA
IQCA1;WDR31;CYS1;ACAT1;NA;SPAG16;NA;NA;NA;NA
IQCD;SLC17A7;DCDC2;ALAS2;NA;SPAG17;NA;NA;NA;NA
IQCK;HPGDS;DDX59;BSG;NA;SPEF1;NA;NA;NA;NA
KCNE1;RHBDL1;DIAPH1;IVD;NA;SPEF2;NA;NA;NA;NA
KIF9;DUSP6;DISC1;ABCG1;NA;STK36;NA;NA;NA;NA
KLHDC9;DUSP14;DNAAF1;ENOPH1;NA;STOML3;NA;NA;NA;NA
KNDC1;ELOC;DNAAF2;SULT1A3;NA;TEKT1;NA;NA;NA;NA
LCA5L;PUSL1;DNAAF5;CPOX;NA;TEKT2;NA;NA;NA;NA
LDLRAD1;BMPR1A;DNAH1;COX4I1;NA;TEKT4;NA;NA;NA;NA
LINC01571;ZDHHC1;DNAH17;MVD;NA;TSGA10;NA;NA;NA;NA
LMLN;CA10;DNMBP;ALG10;NA;TTC29;NA;NA;NA;NA
LRRC10B;KCNC1;DPYSL2;ALG11;NA;TTLL9;NA;NA;NA;NA
LRRC46;GGT1;DRC7;ALG12;NA;UBXN10;NA;NA;NA;NA
LRRC71;TRPA1;DRD1;ALG13;NA;WDR90;NA;NA;NA;NA
LRRIQ1;MAP2K4;DRD5;ALG14;NA;ZMYND10;NA;NA;NA;NA
MAP1A;HHAT;DVL1;IFNA10;NA;NA;NA;NA;NA;NA
MAP3K19;SKP1;DYNLL1;APOBEC3G;NA;NA;NA;NA;NA;NA
MAP6;KDM1B;DYNLL2;COL11A1;NA;NA;NA;NA;NA;NA
MAP9;ACP2;DYNLRB1;CSGALNACT1;NA;NA;NA;NA;NA;NA
MARCHF10;TRMT9B;DYNLT1;ABCA6;NA;NA;NA;NA;NA;NA
MDH1B;UGT3A2;DZIP1;BANF1;NA;NA;NA;NA;NA;NA
MORN2;ABHD4;E2F4;IFNA21;NA;NA;NA;NA;NA;NA
MORN3;ZNF474;EGFR;HTR3B;NA;NA;NA;NA;NA;NA
MRLN;TMEM145;EHD1;HTR3A;NA;NA;NA;NA;NA;NA
MRPS31;CTSB;EHD3;RFT1;NA;NA;NA;NA;NA;NA
MS4A8;TMEM53;ENTR1;GLS2;NA;NA;NA;NA;NA;NA
MSH3;MFSD8;EVC;CRTAP;NA;NA;NA;NA;NA;NA
MSI2;OTX1;EVC2;IDS;NA;NA;NA;NA;NA;NA
MYH14;TACR2;EXOC3;FLAD1;NA;NA;NA;NA;NA;NA
NAT14;PAFAH2;EXOC4;NADSYN1;NA;NA;NA;NA;NA;NA
NBEA;DCLK3;EXOC5;HMOX2;NA;NA;NA;NA;NA;NA
NEK5;AVPR1B;EXOC6;PATL1;NA;NA;NA;NA;NA;NA
NEK11;DMRTA2;EXOC6B;BCAN;NA;NA;NA;NA;NA;NA
NSUN7;MECOM;EZH2;ELOVL5;NA;NA;NA;NA;NA;NA
NWD1;EOGT;FAM149B1;CTSA;NA;NA;NA;NA;NA;NA
ODF2L;PBLD;FAM161A;ACSL3;NA;NA;NA;NA;NA;NA
ODF3B;IP6K1;FAM183BP;HSD17B4;NA;NA;NA;NA;NA;NA
OMG;SLC49A3;CIBAR1;HSD17B7;NA;NA;NA;NA;NA;NA
OSBPL6;LARGE2;FGFR3;NDUFC1;NA;NA;NA;NA;NA;NA
P4HTM;SLC37A4;FHDC1;NDUFC2;NA;NA;NA;NA;NA;NA
PGM2L1;SERPINI1;FLCN;CD44;NA;NA;NA;NA;NA;NA
PIH1D2;GPX4;FLNA;CA13;NA;NA;NA;NA;NA;NA
PLEKHB1;WWOX;FNBP1L;CA12;NA;NA;NA;NA;NA;NA
PLXNB1;SGMS1;CEP20;BCAT2;NA;NA;NA;NA;NA;NA
PLXNB2;FEV;FOXN4;TPH1;NA;NA;NA;NA;NA;NA
PPIL6;FER;FSD1;TPH2;NA;NA;NA;NA;NA;NA
PPP1R16A;HDAC11;FSIP2;STS;NA;NA;NA;NA;NA;NA
PRR29;PRCP;FSTL1;MMP25;NA;NA;NA;NA;NA;NA
RAB36;B3GALT1;FUZ;MCFD2;NA;NA;NA;NA;NA;NA
RGS22;IFI30;GALNT11;ST6GALNAC4;NA;NA;NA;NA;NA;NA
RHPN1;FAIM;GALR2;ST6GALNAC3;NA;NA;NA;NA;NA;NA
RIBC1;FAXC;GALR3;ST6GALNAC2;NA;NA;NA;NA;NA;NA
RIBC2;NA;GLI1;ARSG;NA;NA;NA;NA;NA;NA
RIIAD1;NA;GLI2;GLUD1;NA;NA;NA;NA;NA;NA
SANBR;NA;GLI3;GPT2;NA;NA;NA;NA;NA;NA
SAXO2;NA;GLIS2;GLRA2;NA;NA;NA;NA;NA;NA
SHROOM3;NA;GMNC;CALR;NA;NA;NA;NA;NA;NA
SLC22A4;NA;GNAT1;BAAT;NA;NA;NA;NA;NA;NA
SLC44A4;NA;GNB1;CYB5A;NA;NA;NA;NA;NA;NA
SMIM22;NA;GOLGB1;ARSJ;NA;NA;NA;NA;NA;NA
SNTN;NA;GPBAR1;ARSK;NA;NA;NA;NA;NA;NA
SPACA9;NA;GPR161;OGN;NA;NA;NA;NA;NA;NA
SPAG8;NA;GPR173;MGAT4A;NA;NA;NA;NA;NA;NA
SPATA6;NA;GPR20;PNMT;NA;NA;NA;NA;NA;NA
SPATA17;NA;GPR22;MGAT4C;NA;NA;NA;NA;NA;NA
SPATA18;NA;GPR83;MGAT4B;NA;NA;NA;NA;NA;NA
SPATA33;NA;GPR88;SLC1A4;NA;NA;NA;NA;NA;NA
STK33;NA;GPSM1;SLC1A5;NA;NA;NA;NA;NA;NA
STMND1;NA;GRK1;AMY1B;NA;NA;NA;NA;NA;NA
STOX1;NA;GRK2;RPN1;NA;NA;NA;NA;NA;NA
TEX9;NA;GSK3B;RPN2;NA;NA;NA;NA;NA;NA
TJP3;NA;HAP1;SUCLA2P1;NA;NA;NA;NA;NA;NA
TMC4;NA;HAVCR1;COL11A2;NA;NA;NA;NA;NA;NA
TMC5;NA;HDAC6;TUSC3;NA;NA;NA;NA;NA;NA
TMEM45B;NA;HIF1A;IDI2;NA;NA;NA;NA;NA;NA
TMEM190;NA;HNF1B;MAN1B1;NA;NA;NA;NA;NA;NA
TMEM212;NA;HSD11B1;SULT1E1;NA;NA;NA;NA;NA;NA
TMEM232;NA;HSP90AA1;SLC25A16;NA;NA;NA;NA;NA;NA
TNFAIP8L1;NA;HSPA8;PYCR1;NA;NA;NA;NA;NA;NA
TNFRSF19;NA;HSPB11;CHRFAM7A;NA;NA;NA;NA;NA;NA
TOGARAM2;NA;HTR6;B3GNT4;NA;NA;NA;NA;NA;NA
TPPP3;NA;HTT;B3GNT5;NA;NA;NA;NA;NA;NA
TSPAN1;NA;HYLS1;B3GNT6;NA;NA;NA;NA;NA;NA
TSPAN19;NA;IGF1;B3GNT2;NA;NA;NA;NA;NA;NA
TTC21A;NA;IGF1R;B3GNT3;NA;NA;NA;NA;NA;NA
TTLL10;NA;INPP5B;COX6A1;NA;NA;NA;NA;NA;NA
TUBA4B;NA;INPP5E;B3GNT8;NA;NA;NA;NA;NA;NA
UBAC1;NA;INVS;B3GNT9;NA;NA;NA;NA;NA;NA
UBXN11;NA;IQCB1;KCNK6;NA;NA;NA;NA;NA;NA
VWA3A;NA;IQCG;NDUFA10;NA;NA;NA;NA;NA;NA
VWA3B;NA;IRS1;MAN1A2;NA;NA;NA;NA;NA;NA
WDR38;NA;JADE1;NDUFA12;NA;NA;NA;NA;NA;NA
WDR93;NA;JAZF1;NDUFA13;NA;NA;NA;NA;NA;NA
ZBBX;NA;JHY;LSS;NA;NA;NA;NA;NA;NA
ZC2HC1A;NA;KATNAL1;STAT2;NA;NA;NA;NA;NA;NA
ZNF273;NA;KATNAL2;TPO;NA;NA;NA;NA;NA;NA
ZNF440;NA;KCNF1;HLA-DRB3;NA;NA;NA;NA;NA;NA
ZNF487;NA;KCNH1;HLA-DRB1;NA;NA;NA;NA;NA;NA
NA;NA;KCNJ10;KCNK7;NA;NA;NA;NA;NA;NA
NA;NA;KCNJ13;SEC24D;NA;NA;NA;NA;NA;NA
NA;NA;KCTD17;EDEM2;NA;NA;NA;NA;NA;NA
NA;NA;KDM3A;EDEM3;NA;NA;NA;NA;NA;NA
NA;NA;KATNIP;SEC24C;NA;NA;NA;NA;NA;NA
NA;NA;KIAA0586;EDEM1;NA;NA;NA;NA;NA;NA
NA;NA;KIAA0753;SLC41A1;NA;NA;NA;NA;NA;NA
NA;NA;KIAA1549;DBH;NA;NA;NA;NA;NA;NA
NA;NA;KIF13B;SLC41A2;NA;NA;NA;NA;NA;NA
NA;NA;KIF14;VCAN;NA;NA;NA;NA;NA;NA
NA;NA;KIF24;SLC2A3;NA;NA;NA;NA;NA;NA
NA;NA;KIF27;CSAD;NA;NA;NA;NA;NA;NA
NA;NA;KIF2A;SLC2A1;NA;NA;NA;NA;NA;NA
NA;NA;KIF3B;ECHS1;NA;NA;NA;NA;NA;NA
NA;NA;KIF3C;HSD3B7;NA;NA;NA;NA;NA;NA
NA;NA;KIF5B;UQCRFS1;NA;NA;NA;NA;NA;NA
NA;NA;KIF6;UQCRC2;NA;NA;NA;NA;NA;NA
NA;NA;KIF7;DBT;NA;NA;NA;NA;NA;NA
NA;NA;KIFC1;UQCRC1;NA;NA;NA;NA;NA;NA
NA;NA;KISS1R;SLC6A12;NA;NA;NA;NA;NA;NA
NA;NA;KIZ;ALG8;NA;NA;NA;NA;NA;NA
NA;NA;KLC1;PDXK;NA;NA;NA;NA;NA;NA
NA;NA;LCA5;CYB5R3;NA;NA;NA;NA;NA;NA
NA;NA;LIMA1;NSDHL;NA;NA;NA;NA;NA;NA
NA;NA;LIMK2;DCP2;NA;NA;NA;NA;NA;NA
NA;NA;LRBA;ALG2;NA;NA;NA;NA;NA;NA
NA;NA;LRRC45;ALG3;NA;NA;NA;NA;NA;NA
NA;NA;LRRC56;ALG1;NA;NA;NA;NA;NA;NA
NA;NA;LRRK2;ALG5;NA;NA;NA;NA;NA;NA
NA;NA;LUZP1;SAT1;NA;NA;NA;NA;NA;NA
NA;NA;LZTFL1;COX6B1;NA;NA;NA;NA;NA;NA
NA;NA;MACF1;GM2A;NA;NA;NA;NA;NA;NA
NA;NA;MAGI2;SLC7A9;NA;NA;NA;NA;NA;NA
NA;NA;MAL;AMY2B;NA;NA;NA;NA;NA;NA
NA;NA;MAP1LC3A;SLC11A1;NA;NA;NA;NA;NA;NA
NA;NA;MAPK3;MGAM;NA;NA;NA;NA;NA;NA
NA;NA;MAPKAP1;SUMF2;NA;NA;NA;NA;NA;NA
NA;NA;MAPRE1;B3GNTL1;NA;NA;NA;NA;NA;NA
NA;NA;MARCHF7;MTR;NA;NA;NA;NA;NA;NA
NA;NA;MARK4;FDFT1;NA;NA;NA;NA;NA;NA
NA;NA;PMPCB;SLC46A1;NA;NA;NA;NA;NA;NA
NA;NA;MCHR1;CA3;NA;NA;NA;NA;NA;NA
NA;NA;MCIDAS;DLD;NA;NA;NA;NA;NA;NA
NA;NA;MCM2;DLAT;NA;NA;NA;NA;NA;NA
NA;NA;MCRS1;GALNT8;NA;NA;NA;NA;NA;NA
NA;NA;MDM1;GALNT9;NA;NA;NA;NA;NA;NA
NA;NA;MIB1;MBL2;NA;NA;NA;NA;NA;NA
NA;NA;MIR182;AGMAT;NA;NA;NA;NA;NA;NA
NA;NA;MIR183;RFK;NA;NA;NA;NA;NA;NA
NA;NA;MIR34B;GALNT7;NA;NA;NA;NA;NA;NA
NA;NA;MIR34C;GALNT1;NA;NA;NA;NA;NA;NA
NA;NA;MKKS;GALNT2;NA;NA;NA;NA;NA;NA
NA;NA;MKS1;GALNT3;NA;NA;NA;NA;NA;NA
NA;NA;MMP23A;MTHFD1;NA;NA;NA;NA;NA;NA
NA;NA;MPHOSPH9;CYP8B1;NA;NA;NA;NA;NA;NA
NA;NA;MTOR;CYP27A1;NA;NA;NA;NA;NA;NA
NA;NA;MYB;APIP;NA;NA;NA;NA;NA;NA
NA;NA;MYH10;PAOX;NA;NA;NA;NA;NA;NA
NA;NA;MYO15A;AFMID;NA;NA;NA;NA;NA;NA
NA;NA;MYO3B;BLVRB;NA;NA;NA;NA;NA;NA
NA;NA;MYO5A;MMP16;NA;NA;NA;NA;NA;NA
NA;NA;MYO7A;SMPD4;NA;NA;NA;NA;NA;NA
NA;NA;NDE1;SMPD1;NA;NA;NA;NA;NA;NA
NA;NA;NEDD9;ADHFE1;NA;NA;NA;NA;NA;NA
NA;NA;NEK2;SMPD3;NA;NA;NA;NA;NA;NA
NA;NA;NEK3;MMP24;NA;NA;NA;NA;NA;NA
NA;NA;NEK4;AKR1C4;NA;NA;NA;NA;NA;NA
NA;NA;NEK8;GABRA1;NA;NA;NA;NA;NA;NA
NA;NA;NEURL4;LUM;NA;NA;NA;NA;NA;NA
NA;NA;NFE2L2;QPRT;NA;NA;NA;NA;NA;NA
NA;NA;NGFR;COASY;NA;NA;NA;NA;NA;NA
NA;NA;NIN;BLVRA;NA;NA;NA;NA;NA;NA
NA;NA;NINL;TPSAB1;NA;NA;NA;NA;NA;NA
NA;NA;NME3;PLOD2;NA;NA;NA;NA;NA;NA
NA;NA;NME7;PRELP;NA;NA;NA;NA;NA;NA
NA;NA;NME8;HAS1;NA;NA;NA;NA;NA;NA
NA;NA;NOTCH1;ETFA;NA;NA;NA;NA;NA;NA
NA;NA;NOTO;DPAGT1;NA;NA;NA;NA;NA;NA
NA;NA;NPHP3;CA9;NA;NA;NA;NA;NA;NA
NA;NA;NPY2R;GMPPB;NA;NA;NA;NA;NA;NA
NA;NA;NPY5R;ACADSB;NA;NA;NA;NA;NA;NA
NA;NA;NR1H4;MUC5AC;NA;NA;NA;NA;NA;NA
NA;NA;NUDC;COL17A1;NA;NA;NA;NA;NA;NA
NA;NA;NUDT16L1;OMD;NA;NA;NA;NA;NA;NA
NA;NA;NUMB;ACOX2;NA;NA;NA;NA;NA;NA
NA;NA;NUP205;DLST;NA;NA;NA;NA;NA;NA
NA;NA;NUP214;MUCL1;NA;NA;NA;NA;NA;NA
NA;NA;NUP35;SLC23A1;NA;NA;NA;NA;NA;NA
NA;NA;NUP37;SLC23A2;NA;NA;NA;NA;NA;NA
NA;NA;NUP62;CA2;NA;NA;NA;NA;NA;NA
NA;NA;NUP93;HLA-DPA1;NA;NA;NA;NA;NA;NA
NA;NA;NUP98;GLRA1;NA;NA;NA;NA;NA;NA
NA;NA;OCRL;NEU2;NA;NA;NA;NA;NA;NA
NA;NA;ODF2;UCP1;NA;NA;NA;NA;NA;NA
NA;NA;OFD1;PAPSS1;NA;NA;NA;NA;NA;NA
NA;NA;ONECUT1;PPIAP8;NA;NA;NA;NA;NA;NA
NA;NA;OPN1LW;ST6GAL1;NA;NA;NA;NA;NA;NA
NA;NA;OPN1MW;UQCR11;NA;NA;NA;NA;NA;NA
NA;NA;OPN1MW2;CHPF2;NA;NA;NA;NA;NA;NA
NA;NA;OPN1SW;CA5A;NA;NA;NA;NA;NA;NA
NA;NA;OPRL1;ARSI;NA;NA;NA;NA;NA;NA
NA;NA;ORC1;PRSS1;NA;NA;NA;NA;NA;NA
NA;NA;P2RY14;CD247;NA;NA;NA;NA;NA;NA
NA;NA;PACSIN1;SLC5A5;NA;NA;NA;NA;NA;NA
NA;NA;PACSIN2;SLC5A6;NA;NA;NA;NA;NA;NA
NA;NA;PAFAH1B1;GAL3ST1;NA;NA;NA;NA;NA;NA
NA;NA;PARD3;SEMA6D;NA;NA;NA;NA;NA;NA
NA;NA;PARD6A;CA4;NA;NA;NA;NA;NA;NA
NA;NA;PCARE;ODC1;NA;NA;NA;NA;NA;NA
NA;NA;PCDH15;PSAT1;NA;NA;NA;NA;NA;NA
NA;NA;PCM1;ASAH1;NA;NA;NA;NA;NA;NA
NA;NA;PCNT;NDUFS1;NA;NA;NA;NA;NA;NA
NA;NA;PDE4C;NDUFS2;NA;NA;NA;NA;NA;NA
NA;NA;PDE6A;SLC39A7;NA;NA;NA;NA;NA;NA
NA;NA;PDE6B;ACADM;NA;NA;NA;NA;NA;NA
NA;NA;PDE6G;ZAP70;NA;NA;NA;NA;NA;NA
NA;NA;PDZD7;EBP;NA;NA;NA;NA;NA;NA
NA;NA;PIBF1;AMD1;NA;NA;NA;NA;NA;NA
NA;NA;HCST;ST3GAL3;NA;NA;NA;NA;NA;NA
NA;NA;PIK3C2A;ST3GAL2;NA;NA;NA;NA;NA;NA
NA;NA;PIK3R4;ST3GAL1;NA;NA;NA;NA;NA;NA
NA;NA;PKD1;MAT2A;NA;NA;NA;NA;NA;NA
NA;NA;PKD1L1;ST3GAL6;NA;NA;NA;NA;NA;NA
NA;NA;PKD2;KLKB1;NA;NA;NA;NA;NA;NA
NA;NA;PKD2L1;MAT2B;NA;NA;NA;NA;NA;NA
NA;NA;PKHD1;LSM4;NA;NA;NA;NA;NA;NA
NA;NA;PLA2G3;LSM5;NA;NA;NA;NA;NA;NA
NA;NA;PLK1;LSM6;NA;NA;NA;NA;NA;NA
NA;NA;PLK4;CHRNE;NA;NA;NA;NA;NA;NA
NA;NA;POC1A;LSM1;NA;NA;NA;NA;NA;NA
NA;NA;POC1B;LSM2;NA;NA;NA;NA;NA;NA
NA;NA;POC5;MGAT1;NA;NA;NA;NA;NA;NA
NA;NA;POMK;MGAT2;NA;NA;NA;NA;NA;NA
NA;NA;PPP5C;PANK2;NA;NA;NA;NA;NA;NA
NA;NA;PQBP1;LMAN1;NA;NA;NA;NA;NA;NA
NA;NA;PRDX1;MGAT5;NA;NA;NA;NA;NA;NA
NA;NA;PRICKLE1;UCP2;NA;NA;NA;NA;NA;NA
NA;NA;PRICKLE2;PSPH;NA;NA;NA;NA;NA;NA
NA;NA;PRICKLE3;CHST11;NA;NA;NA;NA;NA;NA
NA;NA;PRKACA;SLC16A8;NA;NA;NA;NA;NA;NA
NA;NA;PRKACG;CYP7B1;NA;NA;NA;NA;NA;NA
NA;NA;PRPF31;AHCY;NA;NA;NA;NA;NA;NA
NA;NA;PRPF6;CHST15;NA;NA;NA;NA;NA;NA
NA;NA;PRPF8;SLC16A1;NA;NA;NA;NA;NA;NA
NA;NA;PRPH2;SLC16A3;NA;NA;NA;NA;NA;NA
NA;NA;PTCH1;CTRB1;NA;NA;NA;NA;NA;NA
NA;NA;PTGER4;ADH1C;NA;NA;NA;NA;NA;NA
NA;NA;PTK2;ADH1B;NA;NA;NA;NA;NA;NA
NA;NA;PTPN11;ADH1A;NA;NA;NA;NA;NA;NA
NA;NA;QRFPR;BCKDHA;NA;NA;NA;NA;NA;NA
NA;NA;RAB10;MMP7;NA;NA;NA;NA;NA;NA
NA;NA;RAB11A;MMP2;NA;NA;NA;NA;NA;NA
NA;NA;RAB17;MMP3;NA;NA;NA;NA;NA;NA
NA;NA;RAB23;MMP1;NA;NA;NA;NA;NA;NA
NA;NA;RAB29;ACADVL;NA;NA;NA;NA;NA;NA
NA;NA;RAB34;TM7SF2;NA;NA;NA;NA;NA;NA
NA;NA;RAB3IP;NDUFB9;NA;NA;NA;NA;NA;NA
NA;NA;RAB8A;NDUFB8;NA;NA;NA;NA;NA;NA
NA;NA;RABEP2;NDUFB6;NA;NA;NA;NA;NA;NA
NA;NA;RAN;NDUFB5;NA;NA;NA;NA;NA;NA
NA;NA;RANBP1;MLEC;NA;NA;NA;NA;NA;NA
NA;NA;RCAN2;NDUFB3;NA;NA;NA;NA;NA;NA
NA;NA;RCSD1;NDUFB2;NA;NA;NA;NA;NA;NA
NA;NA;RFX4;NDUFB1;NA;NA;NA;NA;NA;NA
NA;NA;RFX7;UQCRQ;NA;NA;NA;NA;NA;NA
NA;NA;RHO;SLC30A8;NA;NA;NA;NA;NA;NA
NA;NA;RILPL1;UQCRH;NA;NA;NA;NA;NA;NA
NA;NA;RILPL2;GGPS1;NA;NA;NA;NA;NA;NA
NA;NA;RIPOR2;SLC30A5;NA;NA;NA;NA;NA;NA
NA;NA;ROM1;SLC30A7;NA;NA;NA;NA;NA;NA
NA;NA;RP1L1;CERK;NA;NA;NA;NA;NA;NA
NA;NA;RPGR;SLC30A1;NA;NA;NA;NA;NA;NA
NA;NA;RPGRIP1;SLC30A3;NA;NA;NA;NA;NA;NA
NA;NA;RRP7A;SLC30A2;NA;NA;NA;NA;NA;NA
NA;NA;RSPH6A;DCN;NA;NA;NA;NA;NA;NA
NA;NA;RTTN;KCNK4;NA;NA;NA;NA;NA;NA
NA;NA;RUVBL2;ADAMTS2;NA;NA;NA;NA;NA;NA
NA;NA;SALL1;GCLM;NA;NA;NA;NA;NA;NA
NA;NA;SASS6;CHSY3;NA;NA;NA;NA;NA;NA
NA;NA;SCAPER;INHBE;NA;NA;NA;NA;NA;NA
NA;NA;SCLT1;FMOD;NA;NA;NA;NA;NA;NA
NA;NA;SDCCAG8;CYP51A1;NA;NA;NA;NA;NA;NA
NA;NA;SENP3;HLA-DPB1;NA;NA;NA;NA;NA;NA
NA;NA;SEPTIN2;MRI1;NA;NA;NA;NA;NA;NA
NA;NA;SEPTIN6;ETFDH;NA;NA;NA;NA;NA;NA
NA;NA;SEPTIN6;CTSG;NA;NA;NA;NA;NA;NA
NA;NA;SEPTIN7;IFNA8;NA;NA;NA;NA;NA;NA
NA;NA;SHH;GPT;NA;NA;NA;NA;NA;NA
NA;NA;SIAH2;GLA;NA;NA;NA;NA;NA;NA
NA;NA;SIRT2;SHMT1;NA;NA;NA;NA;NA;NA
NA;NA;SLC47A2;MASP1;NA;NA;NA;NA;NA;NA
NA;NA;SLC9A3R1;MASP2;NA;NA;NA;NA;NA;NA
NA;NA;SMAD2;OAT;NA;NA;NA;NA;NA;NA
NA;NA;SMAD3;PNPO;NA;NA;NA;NA;NA;NA
NA;NA;SMO;IFNA2;NA;NA;NA;NA;NA;NA
NA;NA;SNAP25;SLC25A10;NA;NA;NA;NA;NA;NA
NA;NA;SNAP29;MVK;NA;NA;NA;NA;NA;NA
NA;NA;SNX10;CD3D;NA;NA;NA;NA;NA;NA
NA;NA;SNX17;CRP;NA;NA;NA;NA;NA;NA
NA;NA;SPATA7;ACADS;NA;NA;NA;NA;NA;NA
NA;NA;SREBF1;SULT1A2;NA;NA;NA;NA;NA;NA
NA;NA;SRGAP3;NDUFS3;NA;NA;NA;NA;NA;NA
NA;NA;SSNA1;SLC31A1;NA;NA;NA;NA;NA;NA
NA;NA;SSTR3;IFNA5;NA;NA;NA;NA;NA;NA
NA;NA;SSX2IP;ACADL;NA;NA;NA;NA;NA;NA
NA;NA;STIL;IDH3B;NA;NA;NA;NA;NA;NA
NA;NA;STK11;SUMF1;NA;NA;NA;NA;NA;NA
NA;NA;STK38L;SLC9A1;NA;NA;NA;NA;NA;NA
NA;NA;STUB1;IFNAR2;NA;NA;NA;NA;NA;NA
NA;NA;STX3;SULT2A1;NA;NA;NA;NA;NA;NA
NA;NA;SUFU;PPIAP22;NA;NA;NA;NA;NA;NA
NA;NA;SYNE1;PDPR;NA;NA;NA;NA;NA;NA
NA;NA;SYNE2;ABCA9;NA;NA;NA;NA;NA;NA
NA;NA;TAPT1;LSM3;NA;NA;NA;NA;NA;NA
NA;NA;TAFAZZIN;SLC3A1;NA;NA;NA;NA;NA;NA
NA;NA;WWTR1;B4GALT1;NA;NA;NA;NA;NA;NA
NA;NA;TBC1D30;ELOVL4;NA;NA;NA;NA;NA;NA
NA;NA;TBC1D32;B4GALT3;NA;NA;NA;NA;NA;NA
NA;NA;TBC1D7;B4GALT2;NA;NA;NA;NA;NA;NA
NA;NA;TBCCD1;B4GALT5;NA;NA;NA;NA;NA;NA
NA;NA;TCHP;B4GALT4;NA;NA;NA;NA;NA;NA
NA;NA;TCTN2;B4GALT6;NA;NA;NA;NA;NA;NA
NA;NA;TCTN3;SULT1C2;NA;NA;NA;NA;NA;NA
NA;NA;TEKT5;SULT1C4;NA;NA;NA;NA;NA;NA
NA;NA;TESK1;CSPG4;NA;NA;NA;NA;NA;NA
NA;NA;TGBFBR1;SEC13;NA;NA;NA;NA;NA;NA
NA;NA;TGBFBR2;MAN2A1;NA;NA;NA;NA;NA;NA
NA;NA;TGFB1;KCNK1;NA;NA;NA;NA;NA;NA
NA;NA;TMEM107;PDP1;NA;NA;NA;NA;NA;NA
NA;NA;TMEM138;PDP2;NA;NA;NA;NA;NA;NA
NA;NA;TMEM17;LBR;NA;NA;NA;NA;NA;NA
NA;NA;TMEM216;KCNK10;NA;NA;NA;NA;NA;NA
NA;NA;TNPO1;DDC;NA;NA;NA;NA;NA;NA
NA;NA;TOPORS;PTPN1;NA;NA;NA;NA;NA;NA
NA;NA;TP73;PTPN6;NA;NA;NA;NA;NA;NA
NA;NA;TPPP2;GPHN;NA;NA;NA;NA;NA;NA
NA;NA;TPRA1;ABCA10;NA;NA;NA;NA;NA;NA
NA;NA;TRAPPC10;CHST9;NA;NA;NA;NA;NA;NA
NA;NA;TRAPPC3;ADAMTS3;NA;NA;NA;NA;NA;NA
NA;NA;TRAPPC9;UBE2N;NA;NA;NA;NA;NA;NA
NA;NA;TRIM32;ST8SIA6;NA;NA;NA;NA;NA;NA
NA;NA;TRIP11;MOGS;NA;NA;NA;NA;NA;NA
NA;NA;TRPV4;ST8SIA3;NA;NA;NA;NA;NA;NA
NA;NA;TRRAP;ST8SIA2;NA;NA;NA;NA;NA;NA
NA;NA;TSC1;NEU1;NA;NA;NA;NA;NA;NA
NA;NA;TSC2;ABCD2;NA;NA;NA;NA;NA;NA
NA;NA;TTBK2;SULT2B1;NA;NA;NA;NA;NA;NA
NA;NA;TTC12;COL12A1;NA;NA;NA;NA;NA;NA
NA;NA;TTC17;NADK;NA;NA;NA;NA;NA;NA
NA;NA;TTC21B;CHPF;NA;NA;NA;NA;NA;NA
NA;NA;TTC23;NAMPT;NA;NA;NA;NA;NA;NA
NA;NA;TTC30A;PDCD1LG2;NA;NA;NA;NA;NA;NA
NA;NA;TTC30B;ALG10B;NA;NA;NA;NA;NA;NA
NA;NA;TTC6;CHST3;NA;NA;NA;NA;NA;NA
NA;NA;TTK;ADI1;NA;NA;NA;NA;NA;NA
NA;NA;TTLL1;SLC39A3;NA;NA;NA;NA;NA;NA
NA;NA;TTLL3;STAT1;NA;NA;NA;NA;NA;NA
NA;NA;TTLL5;SLC39A4;NA;NA;NA;NA;NA;NA
NA;NA;TTLL6;SLC6A18;NA;NA;NA;NA;NA;NA
NA;NA;TTLL8;MCCC1;NA;NA;NA;NA;NA;NA
NA;NA;TUBA1A;NMNAT2;NA;NA;NA;NA;NA;NA
NA;NA;TUBA1C;NMNAT3;NA;NA;NA;NA;NA;NA
NA;NA;TUBA4A;NMNAT1;NA;NA;NA;NA;NA;NA
NA;NA;TUBB2A;UGGT2;NA;NA;NA;NA;NA;NA
NA;NA;TUBB2B;DPM2;NA;NA;NA;NA;NA;NA
NA;NA;TUBB3;DPM1;NA;NA;NA;NA;NA;NA
NA;NA;TUBE1;UGGT1;NA;NA;NA;NA;NA;NA
NA;NA;TUBGCP2;NDUFA6;NA;NA;NA;NA;NA;NA
NA;NA;TUBGCP3;PPCDC;NA;NA;NA;NA;NA;NA
NA;NA;TUBGCP4;NDUFA4;NA;NA;NA;NA;NA;NA
NA;NA;TUBGCP5;PDHA1;NA;NA;NA;NA;NA;NA
NA;NA;TUBGCP6;NDUFA3;NA;NA;NA;NA;NA;NA
NA;NA;TULP1;NDUFA1;NA;NA;NA;NA;NA;NA
NA;NA;TULP3;ACSS2;NA;NA;NA;NA;NA;NA
NA;NA;TXNDC15;ACSS1;NA;NA;NA;NA;NA;NA
NA;NA;UBR5;ABCA12;NA;NA;NA;NA;NA;NA
NA;NA;ULK4;NDUFA8;NA;NA;NA;NA;NA;NA
NA;NA;UMOD;SRM;NA;NA;NA;NA;NA;NA
NA;NA;USH1C;CA1;NA;NA;NA;NA;NA;NA
NA;NA;USH1G;SMPD2;NA;NA;NA;NA;NA;NA
NA;NA;USH2A;SLC43A2;NA;NA;NA;NA;NA;NA
NA;NA;USP14;SLC43A1;NA;NA;NA;NA;NA;NA
NA;NA;USP8;GALNT14;NA;NA;NA;NA;NA;NA
NA;NA;USP9X;GOT1;NA;NA;NA;NA;NA;NA
NA;NA;VANGL2;GALNT12;NA;NA;NA;NA;NA;NA
NA;NA;VCP;GALNT13;NA;NA;NA;NA;NA;NA
NA;NA;VDAC3;GALNT10;NA;NA;NA;NA;NA;NA
NA;NA;VHL;PREB;NA;NA;NA;NA;NA;NA
NA;NA;VPS45;SLC3A2;NA;NA;NA;NA;NA;NA
NA;NA;VPS4A;COL1A2;NA;NA;NA;NA;NA;NA
NA;NA;WASF3;GPAA1;NA;NA;NA;NA;NA;NA
NA;NA;WDPCP;COL1A1;NA;NA;NA;NA;NA;NA
NA;NA;WDR11;PPIA;NA;NA;NA;NA;NA;NA
NA;NA;WDR44;IDO2;NA;NA;NA;NA;NA;NA
NA;NA;WDR5;IYD;NA;NA;NA;NA;NA;NA
NA;NA;WDR62;IDO1;NA;NA;NA;NA;NA;NA
NA;NA;DNAAF10;PLAUR;NA;NA;NA;NA;NA;NA
NA;NA;WHRN;CYCS;NA;NA;NA;NA;NA;NA
NA;NA;WRAP73;PEX19;NA;NA;NA;NA;NA;NA
NA;NA;XPNPEP3;DAD1;NA;NA;NA;NA;NA;NA
NA;NA;YAP1;ALDH1A1;NA;NA;NA;NA;NA;NA
NA;NA;YIF1B;SLC27A5;NA;NA;NA;NA;NA;NA
NA;NA;ZIC2;GCNT4;NA;NA;NA;NA;NA;NA
NA;NA;ZNF423;SMOX;NA;NA;NA;NA;NA;NA
NA;NA;NA;GCNT3;NA;NA;NA;NA;NA;NA
NA;NA;NA;SLC7A10;NA;NA;NA;NA;NA;NA
NA;NA;NA;SLC16A10;NA;NA;NA;NA;NA;NA
NA;NA;NA;PHGDH;NA;NA;NA;NA;NA;NA
NA;NA;NA;NDUFS5;NA;NA;NA;NA;NA;NA
NA;NA;NA;KERA;NA;NA;NA;NA;NA;NA
NA;NA;NA;PIGA;NA;NA;NA;NA;NA;NA
NA;NA;NA;AADAT;NA;NA;NA;NA;NA;NA
NA;NA;NA;AMY2A;NA;NA;NA;NA;NA;NA
NA;NA;NA;PIGG;NA;NA;NA;NA;NA;NA
NA;NA;NA;PIGH;NA;NA;NA;NA;NA;NA
NA;NA;NA;PIGK;NA;NA;NA;NA;NA;NA
NA;NA;NA;PIGM;NA;NA;NA;NA;NA;NA
NA;NA;NA;PIGN;NA;NA;NA;NA;NA;NA
NA;NA;NA;PIGO;NA;NA;NA;NA;NA;NA
NA;NA;NA;PIGP;NA;NA;NA;NA;NA;NA
NA;NA;NA;PIGQ;NA;NA;NA;NA;NA;NA
NA;NA;NA;PIGU;NA;NA;NA;NA;NA;NA
NA;NA;NA;PIGV;NA;NA;NA;NA;NA;NA
NA;NA;NA;PIGW;NA;NA;NA;NA;NA;NA
NA;NA;NA;PIGX;NA;NA;NA;NA;NA;NA
NA;NA;NA;THTPA;NA;NA;NA;NA;NA;NA
NA;NA;NA;SLC6A20;NA;NA;NA;NA;NA;NA
NA;NA;NA;ABCA3;NA;NA;NA;NA;NA;NA
NA;NA;NA;AMACR;NA;NA;NA;NA;NA;NA
NA;NA;NA;CYC1;NA;NA;NA;NA;NA;NA
NA;NA;NA;PMVK;NA;NA;NA;NA;NA;NA
NA;NA;NA;HADHB;NA;NA;NA;NA;NA;NA
NA;NA;NA;PDK2;NA;NA;NA;NA;NA;NA
NA;NA;NA;NDUFS4;NA;NA;NA;NA;NA;NA
NA;NA;NA;NDUFS6;NA;NA;NA;NA;NA;NA
NA;NA;NA;NDUFS7;NA;NA;NA;NA;NA;NA
NA;NA;NA;ABCC5;NA;NA;NA;NA;NA;NA
NA;NA;NA;HLA-DQA1;NA;NA;NA;NA;NA;NA
NA;NA;NA;HLA-DQA2;NA;NA;NA;NA;NA;NA
NA;NA;NA;DOLK;NA;NA;NA;NA;NA;NA
NA;NA;NA;MSMO1;NA;NA;NA;NA;NA;NA
NA;NA;NA;PLOD1;NA;NA;NA;NA;NA;NA
NA;NA;NA;TIMP2;NA;NA;NA;NA;NA;NA
NA;NA;NA;TIMP1;NA;NA;NA;NA;NA;NA
NA;NA;NA;GALNTL6;NA;NA;NA;NA;NA;NA
NA;NA;NA;PAPSS2;NA;NA;NA;NA;NA;NA
NA;NA;NA;DHCR7;NA;NA;NA;NA;NA;NA
NA;NA;NA;DOLPP1;NA;NA;NA;NA;NA;NA
NA;NA;NA;MUC21;NA;NA;NA;NA;NA;NA
NA;NA;NA;HIBADH;NA;NA;NA;NA;NA;NA
NA;NA;NA;KCNK3;NA;NA;NA;NA;NA;NA
NA;NA;NA;CANX;NA;NA;NA;NA;NA;NA
NA;NA;NA;CHST13;NA;NA;NA;NA;NA;NA
NA;NA;NA;SLC39A10;NA;NA;NA;NA;NA;NA
NA;NA;NA;NDUFB10;NA;NA;NA;NA;NA;NA
NA;NA;NA;COX8A;NA;NA;NA;NA;NA;NA
NA;NA;NA;GOT2;NA;NA;NA;NA;NA;NA
NA;NA;NA;CHST12;NA;NA;NA;NA;NA;NA
NA;NA;NA;ENPP7;NA;NA;NA;NA;NA;NA
NA;NA;NA;P4HB;NA;NA;NA;NA;NA;NA
NA;NA;NA;CHRNG;NA;NA;NA;NA;NA;NA
NA;NA;NA;TREH;NA;NA;NA;NA;NA;NA
NA;NA;NA;SOCS1;NA;NA;NA;NA;NA;NA
NA;NA;NA;SOCS3;NA;NA;NA;NA;NA;NA
NA;NA;NA;BMP1;NA;NA;NA;NA;NA;NA
NA;NA;NA;CHRND;NA;NA;NA;NA;NA;NA
NA;NA;NA;HYAL1;NA;NA;NA;NA;NA;NA
NA;NA;NA;ACSL1;NA;NA;NA;NA;NA;NA
NA;NA;NA;ACSL6;NA;NA;NA;NA;NA;NA
NA;NA;NA;ACSL4;NA;NA;NA;NA;NA;NA
NA;NA;NA;ACSL5;NA;NA;NA;NA;NA;NA
NA;NA;NA;NFS1;NA;NA;NA;NA;NA;NA
NA;NA;NA;DDX6;NA;NA;NA;NA;NA;NA
NA;NA;NA;STAB2;NA;NA;NA;NA;NA;NA
NA;NA;NA;HYAL2;NA;NA;NA;NA;NA;NA
NA;NA;NA;TLR8;NA;NA;NA;NA;NA;NA
NA;NA;NA;TLR9;NA;NA;NA;NA;NA;NA
NA;NA;NA;SLC19A2;NA;NA;NA;NA;NA;NA
NA;NA;NA;SLC19A3;NA;NA;NA;NA;NA;NA
NA;NA;NA;SLC19A1;NA;NA;NA;NA;NA;NA
NA;NA;NA;SLC7A8;NA;NA;NA;NA;NA;NA
NA;NA;NA;GBA2;NA;NA;NA;NA;NA;NA
NA;NA;NA;C1QC;NA;NA;NA;NA;NA;NA
NA;NA;NA;SLC7A5;NA;NA;NA;NA;NA;NA
NA;NA;NA;SLC7A2;NA;NA;NA;NA;NA;NA
NA;NA;NA;SLC7A3;NA;NA;NA;NA;NA;NA
NA;NA;NA;GLUL;NA;NA;NA;NA;NA;NA
NA;NA;NA;DCP1B;NA;NA;NA;NA;NA;NA
NA;NA;NA;DCP1A;NA;NA;NA;NA;NA;NA
NA;NA;NA;MANEA;NA;NA;NA;NA;NA;NA
NA;NA;NA;AANAT;NA;NA;NA;NA;NA;NA
NA;NA;NA;PDHX;NA;NA;NA;NA;NA;NA
NA;NA;NA;GBA3;NA;NA;NA;NA;NA;NA
NA;NA;NA;ARHGEF9;NA;NA;NA;NA;NA;NA
NA;NA;NA;COL27A1;NA;NA;NA;NA;NA;NA
NA;NA;NA;PCOLCE;NA;NA;NA;NA;NA;NA
NA;NA;NA;PDHB;NA;NA;NA;NA;NA;NA
NA;NA;NA;HMBS;NA;NA;NA;NA;NA;NA
NA;NA;NA;GNPNAT1;NA;NA;NA;NA;NA;NA
NA;NA;NA;NDUFV2;NA;NA;NA;NA;NA;NA
NA;NA;NA;NDUFV1;NA;NA;NA;NA;NA;NA
NA;NA;NA;PGM3;NA;NA;NA;NA;NA;NA
NA;NA;NA;ABCB11;NA;NA;NA;NA;NA;NA
NA;NA;NA;STT3A;NA;NA;NA;NA;NA;NA
NA;NA;NA;ACO2;NA;NA;NA;NA;NA;NA
NA;NA;NA;PRSS2;NA;NA;NA;NA;NA;NA
NA;NA;NA;ETHE1;NA;NA;NA;NA;NA;NA
NA;NA;NA;BHMT;NA;NA;NA;NA;NA;NA
NA;NA;NA;HADH;NA;NA;NA;NA;NA;NA
NA;NA;NA;ABCG4;NA;NA;NA;NA;NA;NA
NA;NA;NA;ABCG5;NA;NA;NA;NA;NA;NA
NA;NA;NA;ABCG8;NA;NA;NA;NA;NA;NA
NA;NA;NA;HMOX1;NA;NA;NA;NA;NA;NA
NA;NA;NA;ELOVL6;NA;NA;NA;NA;NA;NA
NA;NA;NA;ELOVL7;NA;NA;NA;NA;NA;NA
NA;NA;NA;ECI1;NA;NA;NA;NA;NA;NA
NA;NA;NA;MGAT3;NA;NA;NA;NA;NA;NA
NA;NA;NA;ELOVL2;NA;NA;NA;NA;NA;NA
NA;NA;NA;ELOVL3;NA;NA;NA;NA;NA;NA
NA;NA;NA;ELOVL1;NA;NA;NA;NA;NA;NA
NA;NA;NA;AMY1A;NA;NA;NA;NA;NA;NA
NA;NA;NA;AMY1C;NA;NA;NA;NA;NA;NA
NA;NA;NA;AASDHPPT;NA;NA;NA;NA;NA;NA
NA;NA;NA;SULT1B1;NA;NA;NA;NA;NA;NA
NA;NA;NA;ALAD;NA;NA;NA;NA;NA;NA
NA;NA;NA;ACAN;NA;NA;NA;NA;NA;NA
NA;NA;NA;NDUFA11;NA;NA;NA;NA;NA;NA
NA;NA;NA;ALG9;NA;NA;NA;NA;NA;NA
NA;NA;NA;MUC5B;NA;NA;NA;NA;NA;NA
NA;NA;NA;IFNB1;NA;NA;NA;NA;NA;NA
NA;NA;NA;UCP3;NA;NA;NA;NA;NA;NA
NA;NA;NA;ALAS1;NA;NA;NA;NA;NA;NA
NA;NA;NA;CGA;NA;NA;NA;NA;NA;NA
NA;NA;NA;MOCOS;NA;NA;NA;NA;NA;NA
NA;NA;NA;TECR;NA;NA;NA;NA;NA;NA
NA;NA;NA;SLC7A6;NA;NA;NA;NA;NA;NA
NA;NA;NA;FASN;NA;NA;NA;NA;NA;NA
NA;NA;NA;SLC7A7;NA;NA;NA;NA;NA;NA
NA;NA;NA;ALDH18A1;NA;NA;NA;NA;NA;NA
NA;NA;NA;DHCR24;NA;NA;NA;NA;NA;NA
NA;NA;NA;PDCD1;NA;NA;NA;NA;NA;NA
NA;NA;NA;CGB5;NA;NA;NA;NA;NA;NA
NA;NA;NA;NDUFA5;NA;NA;NA;NA;NA;NA
NA;NA;NA;COL9A2;NA;NA;NA;NA;NA;NA
NA;NA;NA;COL9A3;NA;NA;NA;NA;NA;NA
NA;NA;NA;HMGA1;NA;NA;NA;NA;NA;NA
NA;NA;NA;CHRNA4;NA;NA;NA;NA;NA;NA
NA;NA;NA;CHRNA1;NA;NA;NA;NA;NA;NA
NA;NA;NA;SLC7A1;NA;NA;NA;NA;NA;NA
NA;NA;NA;MAT1A;NA;NA;NA;NA;NA;NA
NA;NA;NA;CHRNA9;NA;NA;NA;NA;NA;NA
NA;NA;NA;CYP7A1;NA;NA;NA;NA;NA;NA
NA;NA;NA;ADH7;NA;NA;NA;NA;NA;NA
NA;NA;NA;ADH6;NA;NA;NA;NA;NA;NA
NA;NA;NA;ADH4;NA;NA;NA;NA;NA;NA
NA;NA;NA;DPM3;NA;NA;NA;NA;NA;NA
NA;NA;NA;IFNA1;NA;NA;NA;NA;NA;NA
NA;NA;NA;IFNA7;NA;NA;NA;NA;NA;NA
NA;NA;NA;IFNA6;NA;NA;NA;NA;NA;NA
NA;NA;NA;GLB1;NA;NA;NA;NA;NA;NA
NA;NA;NA;IFNA4;NA;NA;NA;NA;NA;NA
NA;NA;NA;SLC6A15;NA;NA;NA;NA;NA;NA
NA;NA;NA;DECR1;NA;NA;NA;NA;NA;NA
NA;NA;NA;GALNTL5;NA;NA;NA;NA;NA;NA
NA;NA;NA;NDUFS8;NA;NA;NA;NA;NA;NA
NA;NA;NA;NDUFA7;NA;NA;NA;NA;NA;NA
NA;NA;NA;COL14A1;NA;NA;NA;NA;NA;NA
NA;NA;NA;SLC25A32;NA;NA;NA;NA;NA;NA
NA;NA;NA;CD274;NA;NA;NA;NA;NA;NA
NA;NA;NA;PCOLCE2;NA;NA;NA;NA;NA;NA
NA;NA;NA;HSD17B12;NA;NA;NA;NA;NA;NA
NA;NA;NA;DDOST;NA;NA;NA;NA;NA;NA
NA;NA;NA;NDUFA2;NA;NA;NA;NA;NA;NA
NA;NA;NA;COL23A1;NA;NA;NA;NA;NA;NA
NA;NA;NA;SEC31A;NA;NA;NA;NA;NA;NA
NA;NA;NA;KCNK9;NA;NA;NA;NA;NA;NA
NA;NA;NA;PLOD3;NA;NA;NA;NA;NA;NA
NA;NA;NA;HADHA;NA;NA;NA;NA;NA;NA
NA;NA;NA;GCLC;NA;NA;NA;NA;NA;NA
NA;NA;NA;KCNK2;NA;NA;NA;NA;NA;NA
NA;NA;NA;XRN1;NA;NA;NA;NA;NA;NA
NA;NA;NA;C1GALT1;NA;NA;NA;NA;NA;NA
NA;NA;NA;TH;NA;NA;NA;NA;NA;NA
NA;NA;NA;MCEE;NA;NA;NA;NA;NA;NA
NA;NA;NA;COL8A2;NA;NA;NA;NA;NA;NA
NA;NA;NA;COL8A1;NA;NA;NA;NA;NA;NA
NA;NA;NA;TDO2;NA;NA;NA;NA;NA;NA
NA;NA;NA;MMP8;NA;NA;NA;NA;NA;NA
NA;NA;NA;TRAF6;NA;NA;NA;NA;NA;NA
NA;NA;NA;SULT1A1;NA;NA;NA;NA;NA;NA
NA;NA;NA;MMP9;NA;NA;NA;NA;NA;NA
NA;NA;NA;PDIA3;NA;NA;NA;NA;NA;NA
NA;NA;NA;CHST7;NA;NA;NA;NA;NA;NA
NA;NA;NA;ALDH6A1;NA;NA;NA;NA;NA;NA
NA;NA;NA;MAN1C1;NA;NA;NA;NA;NA;NA
NA;NA;NA;HEPH;NA;NA;NA;NA;NA;NA
NA;NA;NA;NDUFA9;NA;NA;NA;NA;NA;NA
NA;NA;NA;MTAP;NA;NA;NA;NA;NA;NA
NA;NA;NA;SERPINH1;NA;NA;NA;NA;NA;NA
NA;NA;NA;COX7A2L;NA;NA;NA;NA;NA;NA
NA;NA;NA;SLC40A1;NA;NA;NA;NA;NA;NA
NA;NA;NA;AKR1D1;NA;NA;NA;NA;NA;NA
NA;NA;NA;SLC7A11;NA;NA;NA;NA;NA;NA
NA;NA;NA;PTPRC;NA;NA;NA;NA;NA;NA
NA;NA;NA;SDHA;NA;NA;NA;NA;NA;NA
NA;NA;NA;SDHC;NA;NA;NA;NA;NA;NA
NA;NA;NA;SDHB;NA;NA;NA;NA;NA;NA
NA;NA;NA;SDHD;NA;NA;NA;NA;NA;NA
NA;NA;NA;PPCS;NA;NA;NA;NA;NA;NA
NA;NA;NA;ATP5PD;NA;NA;NA;NA;NA;NA
NA;NA;NA;KYAT3;NA;NA;NA;NA;NA;NA
NA;NA;NA;GALNT17;NA;NA;NA;NA;NA;NA
NA;NA;NA;PMEL;NA;NA;NA;NA;NA;NA
NA;NA;NA;KYAT1;NA;NA;NA;NA;NA;NA
NA;NA;NA;MT-ATP8;NA;NA;NA;NA;NA;NA
NA;NA;NA;ARSL;NA;NA;NA;NA;NA;NA
NA;NA;NA;ATP5MF;NA;NA;NA;NA;NA;NA
NA;NA;NA;B4GAT1;NA;NA;NA;NA;NA;NA
NA;NA;NA;ATP5F1B;NA;NA;NA;NA;NA;NA
NA;NA;NA;ASAH2B;NA;NA;NA;NA;NA;NA
NA;NA;NA;MT-CYB;NA;NA;NA;NA;NA;NA
NA;NA;NA;MMUT;NA;NA;NA;NA;NA;NA
NA;NA;NA;ATP5F1A;NA;NA;NA;NA;NA;NA
NA;NA;NA;IVNS1ABP;NA;NA;NA;NA;NA;NA
NA;NA;NA;MT-ND1;NA;NA;NA;NA;NA;NA
NA;NA;NA;MT-ND4L;NA;NA;NA;NA;NA;NA
NA;NA;NA;ATP5PB;NA;NA;NA;NA;NA;NA
NA;NA;NA;MT-ND2;NA;NA;NA;NA;NA;NA
NA;NA;NA;MT-ND5;NA;NA;NA;NA;NA;NA
NA;NA;NA;SC5D;NA;NA;NA;NA;NA;NA
NA;NA;NA;MT-ND3;NA;NA;NA;NA;NA;NA
NA;NA;NA;GCNT2P1;NA;NA;NA;NA;NA;NA
NA;NA;NA;MT-CO2;NA;NA;NA;NA;NA;NA
NA;NA;NA;PTGS2;NA;NA;NA;NA;NA;NA
NA;NA;NA;MT-CO3;NA;NA;NA;NA;NA;NA
NA;NA;NA;MT-CO1;NA;NA;NA;NA;NA;NA
NA;NA;NA;PTGS1;NA;NA;NA;NA;NA;NA
NA;NA;NA;COLGALT2;NA;NA;NA;NA;NA;NA
NA;NA;NA;COLGALT1;NA;NA;NA;NA;NA;NA
NA;NA;NA;ATP5MC1;NA;NA;NA;NA;NA;NA
NA;NA;NA;PGF;NA;NA;NA;NA;NA;NA
NA;NA;NA;PDPK1;NA;NA;NA;NA;NA;NA
NA;NA;NA;GALNT16;NA;NA;NA;NA;NA;NA
NA;NA;NA;PEDS1-UBE2V1;NA;NA;NA;NA;NA;NA
NA;NA;NA;GALNT15;NA;NA;NA;NA;NA;NA
NA;NA;NA;GALNT18;NA;NA;NA;NA;NA;NA
NA;NA;NA;VSIG2;NA;NA;NA;NA;NA;NA
NA;NA;NA;ATP5F1C;NA;NA;NA;NA;NA;NA
NA;NA;NA;ATP5PF;NA;NA;NA;NA;NA;NA
NA;NA;NA;ATP5ME;NA;NA;NA;NA;NA;NA
NA;NA;NA;ATP5PO;NA;NA;NA;NA;NA;NA
NA;NA;NA;ATP5MG;NA;NA;NA;NA;NA;NA
NA;NA;NA;ATP5F1E;NA;NA;NA;NA;NA;NA
NA;NA;NA;ATP5F1D;NA;NA;NA;NA;NA;NA
NA;NA;NA;CGB3;NA;NA;NA;NA;NA;NA
NA;NA;NA;AZIN2;NA;NA;NA;NA;NA;NA
NA;NA;NA;MT-ND6;NA;NA;NA;NA;NA;NA
NA;NA;NA;CTDSP2;NA;NA;NA;NA;NA;NA
NA;NA;NA;SYCP2;NA;NA;NA;NA;NA;NA
NA;NA;NA;MT-ATP6;NA;NA;NA;NA;NA;NA
NA;NA;NA;P3H3;NA;NA;NA;NA;NA;NA
NA;NA;NA;P3H2;NA;NA;NA;NA;NA;NA
NA;NA;NA;MT-ND4;NA;NA;NA;NA;NA;NA
NA;NA;NA;LOC642727;NA;NA;NA;NA;NA;NA
NA;NA;NA;GABRB3;NA;NA;NA;NA;NA;NA
NA;NA;NA;LOC131691;NA;NA;NA;NA;NA;NA
NA;NA;NA;PCCA;NA;NA;NA;NA;NA;NA
NA;NA;NA;MUC2;NA;NA;NA;NA;NA;NA
NA;NA;NA;MUC6;NA;NA;NA;NA;NA;NA
NA;NA;NA;MUC17;NA;NA;NA;NA;NA;NA
NA;NA;NA;COL15A1;NA;NA;NA;NA;NA;NA
NA;NA;NA;LOC644691;NA;NA;NA;NA;NA;NA
NA;NA;NA;GABRG3;NA;NA;NA;NA;NA;NA
NA;NA;NA;UROS;NA;NA;NA;NA;NA;NA
NA;NA;NA;ABCD1P5;NA;NA;NA;NA;NA;NA
NA;NA;NA;APOA1;NA;NA;NA;NA;NA;NA
NA;NA;NA;LOC650667;NA;NA;NA;NA;NA;NA
NA;NA;NA;COL4A6;NA;NA;NA;NA;NA;NA
NA;NA;NA;COL4A3;NA;NA;NA;NA;NA;NA
NA;NA;NA;COL4A1;NA;NA;NA;NA;NA;NA
NA;NA;NA;GSTO2;NA;NA;NA;NA;NA;NA
NA;NA;NA;COL22A1;NA;NA;NA;NA;NA;NA
NA;NA;NA;CMA1;NA;NA;NA;NA;NA;NA
NA;NA;NA;ARSH;NA;NA;NA;NA;NA;NA
NA;NA;NA;GNS;NA;NA;NA;NA;NA;NA
NA;NA;NA;GABRR2;NA;NA;NA;NA;NA;NA
NA;NA;NA;FH;NA;NA;NA;NA;NA;NA
NA;NA;NA;TLL1;NA;NA;NA;NA;NA;NA
NA;NA;NA;TLL2;NA;NA;NA;NA;NA;NA
NA;NA;NA;AUH;NA;NA;NA;NA;NA;NA
NA;NA;NA;LOC730412;NA;NA;NA;NA;NA;NA
NA;NA;NA;LOC727947;NA;NA;NA;NA;NA;NA
NA;NA;NA;COX7C;NA;NA;NA;NA;NA;NA
NA;NA;NA;HTR3C;NA;NA;NA;NA;NA;NA
NA;NA;NA;COL10A1;NA;NA;NA;NA;NA;NA
NA;NA;NA;COX5A;NA;NA;NA;NA;NA;NA
NA;NA;NA;COX5B;NA;NA;NA;NA;NA;NA
NA;NA;NA;DHFR;NA;NA;NA;NA;NA;NA
NA;NA;NA;LOC645947;NA;NA;NA;NA;NA;NA
NA;NA;NA;COL28A1;NA;NA;NA;NA;NA;NA
NA;NA;NA;CA14;NA;NA;NA;NA;NA;NA
NA;NA;NA;KYNU;NA;NA;NA;NA;NA;NA
NA;NA;NA;FPGS;NA;NA;NA;NA;NA;NA
NA;NA;NA;ARSF;NA;NA;NA;NA;NA;NA
NA;NA;NA;ARSB;NA;NA;NA;NA;NA;NA
NA;NA;NA;HEXA;NA;NA;NA;NA;NA;NA
NA;NA;NA;HEXB;NA;NA;NA;NA;NA;NA
NA;NA;NA;NEU4;NA;NA;NA;NA;NA;NA
NA;NA;NA;FUT8;NA;NA;NA;NA;NA;NA
NA;NA;NA;IDI1;NA;NA;NA;NA;NA;NA
NA;NA;NA;CDO1;NA;NA;NA;NA;NA;NA
NA;NA;NA;LOC651621;NA;NA;NA;NA;NA;NA
NA;NA;NA;HLA-DRB5;NA;NA;NA;NA;NA;NA
NA;NA;NA;KLK2;NA;NA;NA;NA;NA;NA
NA;NA;NA;ARSA;NA;NA;NA;NA;NA;NA
NA;NA;NA;ALG6;NA;NA;NA;NA;NA;NA
NA;NA;NA;GABRA5;NA;NA;NA;NA;NA;NA
NA;NA;NA;LOC644504;NA;NA;NA;NA;NA;NA
NA;NA;NA;FECH;NA;NA;NA;NA;NA;NA
NA;NA;NA;COX6C;NA;NA;NA;NA;NA;NA
NA;NA;NA;CSK;NA;NA;NA;NA;NA;NA
NA;NA;NA;LOC285407;NA;NA;NA;NA;NA;NA
NA;NA;NA;COL16A1;NA;NA;NA;NA;NA;NA
NA;NA;NA;SUCLG2;NA;NA;NA;NA;NA;NA
NA;NA;NA;IRF7;NA;NA;NA;NA;NA;NA
NA;NA;NA;PIGS;NA;NA;NA;NA;NA;NA
NA;NA;NA;ETFB;NA;NA;NA;NA;NA;NA
NA;NA;NA;CD3G;NA;NA;NA;NA;NA;NA
NA;NA;NA;GABRA4;NA;NA;NA;NA;NA;NA
NA;NA;NA;GABRA6;NA;NA;NA;NA;NA;NA
NA;NA;NA;GABRA3;NA;NA;NA;NA;NA;NA
NA;NA;NA;GABRA2;NA;NA;NA;NA;NA;NA
NA;NA;NA;GABRG2;NA;NA;NA;NA;NA;NA
NA;NA;NA;HAS2;NA;NA;NA;NA;NA;NA
NA;NA;NA;CA5B;NA;NA;NA;NA;NA;NA
NA;NA;NA;LOC731066;NA;NA;NA;NA;NA;NA
NA;NA;NA;COL25A1;NA;NA;NA;NA;NA;NA
NA;NA;NA;GMPPA;NA;NA;NA;NA;NA;NA
NA;NA;NA;COL5A2;NA;NA;NA;NA;NA;NA
NA;NA;NA;COL5A3;NA;NA;NA;NA;NA;NA
NA;NA;NA;LOC732162;NA;NA;NA;NA;NA;NA
NA;NA;NA;COL5A1;NA;NA;NA;NA;NA;NA
NA;NA;NA;CA6;NA;NA;NA;NA;NA;NA
NA;NA;NA;ALDH2;NA;NA;NA;NA;NA;NA
NA;NA;NA;GLRA3;NA;NA;NA;NA;NA;NA
NA;NA;NA;HAS3;NA;NA;NA;NA;NA;NA
NA;NA;NA;C1S;NA;NA;NA;NA;NA;NA
NA;NA;NA;UROD;NA;NA;NA;NA;NA;NA
NA;NA;NA;MUC3B;NA;NA;NA;NA;NA;NA
NA;NA;NA;ASAH2;NA;NA;NA;NA;NA;NA
NA;NA;NA;LOC732445;NA;NA;NA;NA;NA;NA
NA;NA;NA;LOC645870;NA;NA;NA;NA;NA;NA
NA;NA;NA;LOC648749;NA;NA;NA;NA;NA;NA
NA;NA;NA;COL24A1;NA;NA;NA;NA;NA;NA
NA;NA;NA;COL9A1;NA;NA;NA;NA;NA;NA
NA;NA;NA;ACMSD;NA;NA;NA;NA;NA;NA
NA;NA;NA;LOC652899;NA;NA;NA;NA;NA;NA
NA;NA;NA;PCCB;NA;NA;NA;NA;NA;NA
NA;NA;NA;INHBA;NA;NA;NA;NA;NA;NA
NA;NA;NA;INHBB;NA;NA;NA;NA;NA;NA
NA;NA;NA;INHBC;NA;NA;NA;NA;NA;NA
NA;NA;NA;GUSB;NA;NA;NA;NA;NA;NA
NA;NA;NA;IDH2;NA;NA;NA;NA;NA;NA
NA;NA;NA;IDH1;NA;NA;NA;NA;NA;NA
NA;NA;NA;MAN1A1;NA;NA;NA;NA;NA;NA
NA;NA;NA;UQCRBP1;NA;NA;NA;NA;NA;NA
NA;NA;NA;CD3E;NA;NA;NA;NA;NA;NA
NA;NA;NA;CH25H;NA;NA;NA;NA;NA;NA
NA;NA;NA;HAAO;NA;NA;NA;NA;NA;NA
NA;NA;NA;TSHB;NA;NA;NA;NA;NA;NA
NA;NA;NA;MTND5P10;NA;NA;NA;NA;NA;NA
NA;NA;NA;CTRB2;NA;NA;NA;NA;NA;NA
NA;NA;NA;LCT;NA;NA;NA;NA;NA;NA
NA;NA;NA;ACAD8;NA;NA;NA;NA;NA;NA
NA;NA;NA;DHFRP1;NA;NA;NA;NA;NA;NA
NA;NA;NA;LOC128192;NA;NA;NA;NA;NA;NA
NA;NA;NA;NEU3;NA;NA;NA;NA;NA;NA
NA;NA;NA;LCK;NA;NA;NA;NA;NA;NA
NA;NA;NA;KMO;NA;NA;NA;NA;NA;NA
NA;NA;NA;CD4;NA;NA;NA;NA;NA;NA
NA;NA;NA;ADAMTS14;NA;NA;NA;NA;NA;NA
NA;NA;NA;SEC23A;NA;NA;NA;NA;NA;NA
NA;NA;NA;CHRNB3;NA;NA;NA;NA;NA;NA
NA;NA;NA;CHRNB2;NA;NA;NA;NA;NA;NA
NA;NA;NA;CHRNB4;NA;NA;NA;NA;NA;NA
NA;NA;NA;SLC39A5;NA;NA;NA;NA;NA;NA
NA;NA;NA;SLC6A19;NA;NA;NA;NA;NA;NA
NA;NA;NA;LOC652741;NA;NA;NA;NA;NA;NA
NA;NA;NA;GALC;NA;NA;NA;NA;NA;NA
NA;NA;NA;CS;NA;NA;NA;NA;NA;NA
NA;NA;NA;GABRB1;NA;NA;NA;NA;NA;NA
NA;NA;NA;GABRB2;NA;NA;NA;NA;NA;NA
NA;NA;NA;CP;NA;NA;NA;NA;NA;NA
NA;NA;NA;ASNS;NA;NA;NA;NA;NA;NA
NA;NA;NA;PLG;NA;NA;NA;NA;NA;NA
NA;NA;NA;COL13A1;NA;NA;NA;NA;NA;NA
NA;NA;NA;COX7B;NA;NA;NA;NA;NA;NA
NA;NA;NA;HIBCH;NA;NA;NA;NA;NA;NA
NA;NA;NA;HMGCR;NA;NA;NA;NA;NA;NA
NA;NA;NA;MDH2;NA;NA;NA;NA;NA;NA
NA;NA;NA;SUOX;NA;NA;NA;NA;NA;NA
NA;NA;NA;PIGB;NA;NA;NA;NA;NA;NA
NA;NA;NA;PIGC;NA;NA;NA;NA;NA;NA
NA;NA;NA;PIGL;NA;NA;NA;NA;NA;NA
NA;NA;NA;SUCLG1;NA;NA;NA;NA;NA;NA
NA;NA;NA;PIGT;NA;NA;NA;NA;NA;NA
NA;NA;NA;LOC650674;NA;NA;NA;NA;NA;NA
NA;NA;NA;BPNT1;NA;NA;NA;NA;NA;NA
NA;NA;NA;LOC730924;NA;NA;NA;NA;NA;NA
NA;NA;NA;PDK3;NA;NA;NA;NA;NA;NA
NA;NA;NA;PDK4;NA;NA;NA;NA;NA;NA
NA;NA;NA;COL6A1;NA;NA;NA;NA;NA;NA
NA;NA;NA;COL6A3;NA;NA;NA;NA;NA;NA
NA;NA;NA;COL6A2;NA;NA;NA;NA;NA;NA
NA;NA;NA;SEC24B;NA;NA;NA;NA;NA;NA
NA;NA;NA;CYP39A1;NA;NA;NA;NA;NA;NA
NA;NA;NA;GABRR1;NA;NA;NA;NA;NA;NA
NA;NA;NA;LOC654188;NA;NA;NA;NA;NA;NA
NA;NA;NA;NNT;NA;NA;NA;NA;NA;NA
NA;NA;NA;LOC643997;NA;NA;NA;NA;NA;NA
NA;NA;NA;FDPS;NA;NA;NA;NA;NA;NA
NA;NA;NA;COL19A1;NA;NA;NA;NA;NA;NA
NA;NA;NA;TLR7;NA;NA;NA;NA;NA;NA
NA;NA;NA;CA7;NA;NA;NA;NA;NA;NA
NA;NA;NA;LOC651536;NA;NA;NA;NA;NA;NA
NA;NA;NA;C1QB;NA;NA;NA;NA;NA;NA
NA;NA;NA;C1QA;NA;NA;NA;NA;NA;NA
NA;NA;NA;UQCRHL;NA;NA;NA;NA;NA;NA
NA;NA;NA;MYD88;NA;NA;NA;NA;NA;NA
NA;NA;NA;LOC650883;NA;NA;NA;NA;NA;NA
NA;NA;NA;INHA;NA;NA;NA;NA;NA;NA
NA;NA;NA;PEX3;NA;NA;NA;NA;NA;NA
NA;NA;NA;MPI;NA;NA;NA;NA;NA;NA
NA;NA;NA;LOC651820;NA;NA;NA;NA;NA;NA
NA;NA;NA;CGB8;NA;NA;NA;NA;NA;NA
NA;NA;NA;MTHFR;NA;NA;NA;NA;NA;NA
NA;NA;NA;CHRNA5;NA;NA;NA;NA;NA;NA
NA;NA;NA;CHRNA6;NA;NA;NA;NA;NA;NA
NA;NA;NA;CHRNA7;NA;NA;NA;NA;NA;NA
NA;NA;NA;CHRNA2;NA;NA;NA;NA;NA;NA
NA;NA;NA;CHRNA3;NA;NA;NA;NA;NA;NA
NA;NA;NA;LOC643554;NA;NA;NA;NA;NA;NA
NA;NA;NA;IDH3A;NA;NA;NA;NA;NA;NA
NA;NA;NA;LOC646675;NA;NA;NA;NA;NA;NA
NA;NA;NA;LOC646677;NA;NA;NA;NA;NA;NA
NA;NA;NA;IDH3G;NA;NA;NA;NA;NA;NA
NA;NA;NA;FSHB;NA;NA;NA;NA;NA;NA
NA;NA;NA;LOC283398;NA;NA;NA;NA;NA;NA
NA;NA;NA;GLRB;NA;NA;NA;NA;NA;NA
NA;NA;NA;SULT1A4;NA;NA;NA;NA;NA;NA
NA;NA;NA;BCKDHB;NA;NA;NA;NA;NA;NA
NA;NA;NA;LDHA;NA;NA;NA;NA;NA;NA
NA;NA;NA;LDHB;NA;NA;NA;NA;NA;NA
NA;NA;NA;USP18;NA;NA;NA;NA;NA;NA
NA;NA;NA;SLC6A14;NA;NA;NA;NA;NA;NA
NA;NA;NA;NA;NA;NA;NA;NA;NA;NA
NA;NA;NA;NA;NA;NA;NA;NA;NA;NA
NA;NA;NA;NA;NA;NA;NA;NA;NA;NA
NA;NA;NA;NA;NA;NA;NA;NA;NA;NA
NA;NA;NA;NA;NA;NA;NA;NA;NA;NA
NA;NA;NA;NA;NA;NA;NA;NA;NA;NA
NA;NA;NA;NA;NA;NA;NA;NA;NA;NA
NA;NA;NA;NA;NA;NA;NA;NA;NA;NA
NA;NA;NA;NA;NA;NA;NA;NA;NA;NA
NA;NA;NA;NA;NA;NA;NA;NA;NA;NA
NA;NA;NA;NA;NA;NA;NA;NA;NA;NA
NA;NA;NA;NA;NA;NA;NA;NA;NA;NA
NA;NA;NA;NA;NA;NA;NA;NA;NA;NA
NA;NA;NA;NA;NA;NA;NA;NA;NA;NA
NA;NA;NA;NA;NA;NA;NA;NA;NA;NA
NA;NA;NA;NA;NA;NA;NA;NA;NA;NA
NA;NA;NA;NA;NA;NA;NA;NA;NA;NA
NA;NA;NA;NA;NA;NA;NA;NA;NA;NA
NA;NA;NA;NA;NA;NA;NA;NA;NA;NA
NA;NA;NA;NA;NA;NA;NA;NA;NA;NA
NA;NA;NA;NA;NA;NA;NA;NA;NA;NA
NA;NA;NA;NA;NA;NA;NA;NA;NA;NA
NA;NA;NA;NA;NA;NA;NA;NA;NA;NA
NA;NA;NA;NA;NA;NA;NA;NA;NA;NA
NA;NA;NA;NA;NA;NA;NA;NA;NA;NA
NA;NA;NA;NA;NA;NA;NA;NA;NA;NA
NA;NA;NA;NA;NA;NA;NA;NA;NA;NA
NA;NA;NA;NA;NA;NA;NA;NA;NA;NA
NA;NA;NA;NA;NA;NA;NA;NA;NA;NA
NA;NA;NA;NA;NA;NA;NA;NA;NA;NA
NA;NA;NA;NA;NA;NA;NA;NA;NA;NA
NA;NA;NA;NA;NA;NA;NA;NA;NA;NA
NA;NA;NA;NA;NA;NA;NA;NA;NA;NA
NA;NA;NA;NA;NA;NA;NA;NA;NA;NA
NA;NA;NA;NA;NA;NA;NA;NA;NA;NA
NA;NA;NA;NA;NA;NA;NA;NA;NA;NA
NA;NA;NA;NA;NA;NA;NA;NA;NA;NA
NA;NA;NA;NA;NA;NA;NA;NA;NA;NA
NA;NA;NA;NA;NA;NA;NA;NA;NA;NA
NA;NA;NA;NA;NA;NA;NA;NA;NA;NA
NA;NA;NA;NA;NA;NA;NA;NA;NA;NA
NA;NA;NA;NA;NA;NA;NA;NA;NA;NA
NA;NA;NA;NA;NA;NA;NA;NA;NA;NA
NA;NA;NA;NA;NA;NA;NA;NA;NA;NA
NA;NA;NA;NA;NA;NA;NA;NA;NA;NA
NA;NA;NA;NA;NA;NA;NA;NA;NA;NA
NA;NA;NA;NA;NA;NA;NA;NA;NA;NA
NA;NA;NA;NA;NA;NA;NA;NA;NA;NA
NA;NA;NA;NA;NA;NA;NA;NA;NA;NA
NA;NA;NA;NA;NA;NA;NA;NA;NA;NA
NA;NA;NA;NA;NA;NA;NA;NA;NA;NA
NA;NA;NA;NA;NA;NA;NA;NA;NA;NA
NA;NA;NA;NA;NA;NA;NA;NA;NA;NA
NA;NA;NA;NA;NA;NA;NA;NA;NA;NA
NA;NA;NA;NA;NA;NA;NA;NA;NA;NA
NA;NA;NA;NA;NA;NA;NA;NA;NA;NA
NA;NA;NA;NA;NA;NA;NA;NA;NA;NA
NA;NA;NA;NA;NA;NA;NA;NA;NA;NA
NA;NA;NA;NA;NA;NA;NA;NA;NA;NA
NA;NA;NA;NA;NA;NA;NA;NA;NA;NA
NA;NA;NA;NA;NA;NA;NA;NA;NA;NA
NA;NA;NA;NA;NA;NA;NA;NA;NA;NA
NA;NA;NA;NA;NA;NA;NA;NA;NA;NA
NA;NA;NA;NA;NA;NA;NA;NA;NA;NA
NA;NA;NA;NA;NA;NA;NA;NA;NA;NA
NA;NA;NA;NA;NA;NA;NA;NA;NA;NA
NA;NA;NA;NA;NA;NA;NA;NA;NA;NA
NA;NA;NA;NA;NA;NA;NA;NA;NA;NA
NA;NA;NA;NA;NA;NA;NA;NA;NA;NA
NA;NA;NA;NA;NA;NA;NA;NA;NA;NA
NA;NA;NA;NA;NA;NA;NA;NA;NA;NA
NA;NA;NA;NA;NA;NA;NA;NA;NA;NA
NA;NA;NA;NA;NA;NA;NA;NA;NA;NA
NA;NA;NA;NA;NA;NA;NA;NA;NA;NA
NA;NA;NA;NA;NA;NA;NA;NA;NA;NA
NA;NA;NA;NA;NA;NA;NA;NA;NA;NA
NA;NA;NA;NA;NA;NA;NA;NA;NA;NA
NA;NA;NA;NA;NA;NA;NA;NA;NA;NA
NA;NA;NA;NA;NA;NA;NA;NA;NA;NA
NA;NA;NA;NA;NA;NA;NA;NA;NA;NA
NA;NA;NA;NA;NA;NA;NA;NA;NA;NA
NA;NA;NA;NA;NA;NA;NA;NA;NA;NA
NA;NA;NA;NA;NA;NA;NA;NA;NA;NA
NA;NA;NA;NA;NA;NA;NA;NA;NA;NA
NA;NA;NA;NA;NA;NA;NA;NA;NA;NA
NA;NA;NA;NA;NA;NA;NA;NA;NA;NA
NA;NA;NA;NA;NA;NA;NA;NA;NA;NA
NA;NA;NA;NA;NA;NA;NA;NA;NA;NA
NA;NA;NA;NA;NA;NA;NA;NA;NA;NA
NA;NA;NA;NA;NA;NA;NA;NA;NA;NA
NA;NA;NA;NA;NA;NA;NA;NA;NA;NA
NA;NA;NA;NA;NA;NA;NA;NA;NA;NA
NA;NA;NA;NA;NA;NA;NA;NA;NA;NA
NA;NA;NA;NA;NA;NA;NA;NA;NA;NA
NA;NA;NA;NA;NA;NA;NA;NA;NA;NA
NA;NA;NA;NA;NA;NA;NA;NA;NA;NA
NA;NA;NA;NA;NA;NA;NA;NA;NA;NA
NA;NA;NA;NA;NA;NA;NA;NA;NA;NA
NA;NA;NA;NA;NA;NA;NA;NA;NA;NA
NA;NA;NA;NA;NA;NA;NA;NA;NA;NA
NA;NA;NA;NA;NA;NA;NA;NA;NA;NA
NA;NA;NA;NA;NA;NA;NA;NA;NA;NA
NA;NA;NA;NA;NA;NA;NA;NA;NA;NA
NA;NA;NA;NA;NA;NA;NA;NA;NA;NA
NA;NA;NA;NA;NA;NA;NA;NA;NA;NA
NA;NA;NA;NA;NA;NA;NA;NA;NA;NA
NA;NA;NA;NA;NA;NA;NA;NA;NA;NA
NA;NA;NA;NA;NA;NA;NA;NA;NA;NA
NA;NA;NA;NA;NA;NA;NA;NA;NA;NA
NA;NA;NA;NA;NA;NA;NA;NA;NA;NA
NA;NA;NA;NA;NA;NA;NA;NA;NA;NA
NA;NA;NA;NA;NA;NA;NA;NA;NA;NA
NA;NA;NA;NA;NA;NA;NA;NA;NA;NA
NA;NA;NA;NA;NA;NA;NA;NA;NA;NA
NA;NA;NA;NA;NA;NA;NA;NA;NA;NA
NA;NA;NA;NA;NA;NA;NA;NA;NA;NA
NA;NA;NA;NA;NA;NA;NA;NA;NA;NA
NA;NA;NA;NA;NA;NA;NA;NA;NA;NA
NA;NA;NA;NA;NA;NA;NA;NA;NA;NA
NA;NA;NA;NA;NA;NA;NA;NA;NA;NA
NA;NA;NA;NA;NA;NA;NA;NA;NA;NA
NA;NA;NA;NA;NA;NA;NA;NA;NA;NA
NA;NA;NA;NA;NA;NA;NA;NA;NA;NA
NA;NA;NA;NA;NA;NA;NA;NA;NA;NA
NA;NA;NA;NA;NA;NA;NA;NA;NA;NA
NA;NA;NA;NA;NA;NA;NA;NA;NA;NA
NA;NA;NA;NA;NA;NA;NA;NA;NA;NA
NA;NA;NA;NA;NA;NA;NA;NA;NA;NA
NA;NA;NA;NA;NA;NA;NA;NA;NA;NA
NA;NA;NA;NA;NA;NA;NA;NA;NA;NA
NA;NA;NA;NA;NA;NA;NA;NA;NA;NA
NA;NA;NA;NA;NA;NA;NA;NA;NA;NA
NA;NA;NA;NA;NA;NA;NA;NA;NA;NA
NA;NA;NA;NA;NA;NA;NA;NA;NA;NA
NA;NA;NA;NA;NA;NA;NA;NA;NA;NA
NA;NA;NA;NA;NA;NA;NA;NA;NA;NA
NA;NA;NA;NA;NA;NA;NA;NA;NA;NA
NA;NA;NA;NA;NA;NA;NA;NA;NA;NA
NA;NA;NA;NA;NA;NA;NA;NA;NA;NA
NA;NA;NA;NA;NA;NA;NA;NA;NA;NA
NA;NA;NA;NA;NA;NA;NA;NA;NA;NA
NA;NA;NA;NA;NA;NA;NA;NA;NA;NA
NA;NA;NA;NA;NA;NA;NA;NA;NA;NA
NA;NA;NA;NA;NA;NA;NA;NA;NA;NA
NA;NA;NA;NA;NA;NA;NA;NA;NA;NA
NA;NA;NA;NA;NA;NA;NA;NA;NA;NA
NA;NA;NA;NA;NA;NA;NA;NA;NA;NA
NA;NA;NA;NA;NA;NA;NA;NA;NA;NA
NA;NA;NA;NA;NA;NA;NA;NA;NA;NA
NA;NA;NA;NA;NA;NA;NA;NA;NA;NA
NA;NA;NA;NA;NA;NA;NA;NA;NA;NA
NA;NA;NA;NA;NA;NA;NA;NA;NA;NA
NA;NA;NA;NA;NA;NA;NA;NA;NA;NA
NA;NA;NA;NA;NA;NA;NA;NA;NA;NA
NA;NA;NA;NA;NA;NA;NA;NA;NA;NA
NA;NA;NA;NA;NA;NA;NA;NA;NA;NA
NA;NA;NA;NA;NA;NA;NA;NA;NA;NA
NA;NA;NA;NA;NA;NA;NA;NA;NA;NA
NA;NA;NA;NA;NA;NA;NA;NA;NA;NA
NA;NA;NA;NA;NA;NA;NA;NA;NA;NA
NA;NA;NA;NA;NA;NA;NA;NA;NA;NA
NA;NA;NA;NA;NA;NA;NA;NA;NA;NA
NA;NA;NA;NA;NA;NA;NA;NA;NA;NA
NA;NA;NA;NA;NA;NA;NA;NA;NA;NA
NA;NA;NA;NA;NA;NA;NA;NA;NA;NA
NA;NA;NA;NA;NA;NA;NA;NA;NA;NA
NA;NA;NA;NA;NA;NA;NA;NA;NA;NA
NA;NA;NA;NA;NA;NA;NA;NA;NA;NA
NA;NA;NA;NA;NA;NA;NA;NA;NA;NA
NA;NA;NA;NA;NA;NA;NA;NA;NA;NA
NA;NA;NA;NA;NA;NA;NA;NA;NA;NA
NA;NA;NA;NA;NA;NA;NA;NA;NA;NA
NA;NA;NA;NA;NA;NA;NA;NA;NA;NA
NA;NA;NA;NA;NA;NA;NA;NA;NA;NA
NA;NA;NA;NA;NA;NA;NA;NA;NA;NA
NA;NA;NA;NA;NA;NA;NA;NA;NA;NA
NA;NA;NA;NA;NA;NA;NA;NA;NA;NA
NA;NA;NA;NA;NA;NA;NA;NA;NA;NA
NA;NA;NA;NA;NA;NA;NA;NA;NA;NA
NA;NA;NA;NA;NA;NA;NA;NA;NA;NA
NA;NA;NA;NA;NA;NA;NA;NA;NA;NA
NA;NA;NA;NA;NA;NA;NA;NA;NA;NA
NA;NA;NA;NA;NA;NA;NA;NA;NA;NA
NA;NA;NA;NA;NA;NA;NA;NA;NA;NA
NA;NA;NA;NA;NA;NA;NA;NA;NA;NA
NA;NA;NA;NA;NA;NA;NA;NA;NA;NA
NA;NA;NA;NA;NA;NA;NA;NA;NA;NA
NA;NA;NA;NA;NA;NA;NA;NA;NA;NA
NA;NA;NA;NA;NA;NA;NA;NA;NA;NA
NA;NA;NA;NA;NA;NA;NA;NA;NA;NA
NA;NA;NA;NA;NA;NA;NA;NA;NA;NA
NA;NA;NA;NA;NA;NA;NA;NA;NA;NA
NA;NA;NA;NA;NA;NA;NA;NA;NA;NA
NA;NA;NA;NA;NA;NA;NA;NA;NA;NA
NA;NA;NA;NA;NA;NA;NA;NA;NA;NA
NA;NA;NA;NA;NA;NA;NA;NA;NA;NA
NA;NA;NA;NA;NA;NA;NA;NA;NA;NA
NA;NA;NA;NA;NA;NA;NA;NA;NA;NA
NA;NA;NA;NA;NA;NA;NA;NA;NA;NA
NA;NA;NA;NA;NA;NA;NA;NA;NA;NA
NA;NA;NA;NA;NA;NA;NA;NA;NA;NA
NA;NA;NA;NA;NA;NA;NA;NA;NA;NA
NA;NA;NA;NA;NA;NA;NA;NA;NA;NA
NA;NA;NA;NA;NA;NA;NA;NA;NA;NA
NA;NA;NA;NA;NA;NA;NA;NA;NA;NA
NA;NA;NA;NA;NA;NA;NA;NA;NA;NA
NA;NA;NA;NA;NA;NA;NA;NA;NA;NA
NA;NA;NA;NA;NA;NA;NA;NA;NA;NA
NA;NA;NA;NA;NA;NA;NA;NA;NA;NA
NA;NA;NA;NA;NA;NA;NA;NA;NA;NA
NA;NA;NA;NA;NA;NA;NA;NA;NA;NA
NA;NA;NA;NA;NA;NA;NA;NA;NA;NA
NA;NA;NA;NA;NA;NA;NA;NA;NA;NA
NA;NA;NA;NA;NA;NA;NA;NA;NA;NA
NA;NA;NA;NA;NA;NA;NA;NA;NA;NA
NA;NA;NA;NA;NA;NA;NA;NA;NA;NA
NA;NA;NA;NA;NA;NA;NA;NA;NA;NA
NA;NA;NA;NA;NA;NA;NA;NA;NA;NA
NA;NA;NA;NA;NA;NA;NA;NA;NA;NA
NA;NA;NA;NA;NA;NA;NA;NA;NA;NA
NA;NA;NA;NA;NA;NA;NA;NA;NA;NA
NA;NA;NA;NA;NA;NA;NA;NA;NA;NA
NA;NA;NA;NA;NA;NA;NA;NA;NA;NA
NA;NA;NA;NA;NA;NA;NA;NA;NA;NA
NA;NA;NA;NA;NA;NA;NA;NA;NA;NA
NA;NA;NA;NA;NA;NA;NA;NA;NA;NA
NA;NA;NA;NA;NA;NA;NA;NA;NA;NA
NA;NA;NA;NA;NA;NA;NA;NA;NA;NA
NA;NA;NA;NA;NA;NA;NA;NA;NA;NA
NA;NA;NA;NA;NA;NA;NA;NA;NA;NA
NA;NA;NA;NA;NA;NA;NA;NA;NA;NA
NA;NA;NA;NA;NA;NA;NA;NA;NA;NA
NA;NA;NA;NA;NA;NA;NA;NA;NA;NA
NA;NA;NA;NA;NA;NA;NA;NA;NA;NA
NA;NA;NA;NA;NA;NA;NA;NA;NA;NA
NA;NA;NA;NA;NA;NA;NA;NA;NA;NA
NA;NA;NA;NA;NA;NA;NA;NA;NA;NA
NA;NA;NA;NA;NA;NA;NA;NA;NA;NA
NA;NA;NA;NA;NA;NA;NA;NA;NA;NA
NA;NA;NA;NA;NA;NA;NA;NA;NA;NA
NA;NA;NA;NA;NA;NA;NA;NA;NA;NA
NA;NA;NA;NA;NA;NA;NA;NA;NA;NA
NA;NA;NA;NA;NA;NA;NA;NA;NA;NA
NA;NA;NA;NA;NA;NA;NA;NA;NA;NA
NA;NA;NA;NA;NA;NA;NA;NA;NA;NA
NA;NA;NA;NA;NA;NA;NA;NA;NA;NA
NA;NA;NA;NA;NA;NA;NA;NA;NA;NA
NA;NA;NA;NA;NA;NA;NA;NA;NA;NA
NA;NA;NA;NA;NA;NA;NA;NA;NA;NA
NA;NA;NA;NA;NA;NA;NA;NA;NA;NA
NA;NA;NA;NA;NA;NA;NA;NA;NA;NA
NA;NA;NA;NA;NA;NA;NA;NA;NA;NA
NA;NA;NA;NA;NA;NA;NA;NA;NA;NA
NA;NA;NA;NA;NA;NA;NA;NA;NA;NA
NA;NA;NA;NA;NA;NA;NA;NA;NA;NA
NA;NA;NA;NA;NA;NA;NA;NA;NA;NA
NA;NA;NA;NA;NA;NA;NA;NA;NA;NA
NA;NA;NA;NA;NA;NA;NA;NA;NA;NA
NA;NA;NA;NA;NA;NA;NA;NA;NA;NA
NA;NA;NA;NA;NA;NA;NA;NA;NA;NA
NA;NA;NA;NA;NA;NA;NA;NA;NA;NA
NA;NA;NA;NA;NA;NA;NA;NA;NA;NA
NA;NA;NA;NA;NA;NA;NA;NA;NA;NA
NA;NA;NA;NA;NA;NA;NA;NA;NA;NA
NA;NA;NA;NA;NA;NA;NA;NA;NA;NA
NA;NA;NA;NA;NA;NA;NA;NA;NA;NA
NA;NA;NA;NA;NA;NA;NA;NA;NA;NA
NA;NA;NA;NA;NA;NA;NA;NA;NA;NA
NA;NA;NA;NA;NA;NA;NA;NA;NA;NA
NA;NA;NA;NA;NA;NA;NA;NA;NA;NA
NA;NA;NA;NA;NA;NA;NA;NA;NA;NA
NA;NA;NA;NA;NA;NA;NA;NA;NA;NA
NA;NA;NA;NA;NA;NA;NA;NA;NA;NA
NA;NA;NA;NA;NA;NA;NA;NA;NA;NA
NA;NA;NA;NA;NA;NA;NA;NA;NA;NA
NA;NA;NA;NA;NA;NA;NA;NA;NA;NA
NA;NA;NA;NA;NA;NA;NA;NA;NA;NA
NA;NA;NA;NA;NA;NA;NA;NA;NA;NA
NA;NA;NA;NA;NA;NA;NA;NA;NA;NA
NA;NA;NA;NA;NA;NA;NA;NA;NA;NA
NA;NA;NA;NA;NA;NA;NA;NA;NA;NA
NA;NA;NA;NA;NA;NA;NA;NA;NA;NA
NA;NA;NA;NA;NA;NA;NA;NA;NA;NA
NA;NA;NA;NA;NA;NA;NA;NA;NA;NA
NA;NA;NA;NA;NA;NA;NA;NA;NA;NA
NA;NA;NA;NA;NA;NA;NA;NA;NA;NA
NA;NA;NA;NA;NA;NA;NA;NA;NA;NA
NA;NA;NA;NA;NA;NA;NA;NA;NA;NA
NA;NA;NA;NA;NA;NA;NA;NA;NA;NA
NA;NA;NA;NA;NA;NA;NA;NA;NA;NA
NA;NA;NA;NA;NA;NA;NA;NA;NA;NA
NA;NA;NA;NA;NA;NA;NA;NA;NA;NA
NA;NA;NA;NA;NA;NA;NA;NA;NA;NA
NA;NA;NA;NA;NA;NA;NA;NA;NA;NA
NA;NA;NA;NA;NA;NA;NA;NA;NA;NA
NA;NA;NA;NA;NA;NA;NA;NA;NA;NA
NA;NA;NA;NA;NA;NA;NA;NA;NA;NA
NA;NA;NA;NA;NA;NA;NA;NA;NA;NA
NA;NA;NA;NA;NA;NA;NA;NA;NA;NA
NA;NA;NA;NA;NA;NA;NA;NA;NA;NA
NA;NA;NA;NA;NA;NA;NA;NA;NA;NA
NA;NA;NA;NA;NA;NA;NA;NA;NA;NA
NA;NA;NA;NA;NA;NA;NA;NA;NA;NA
NA;NA;NA;NA;NA;NA;NA;NA;NA;NA
NA;NA;NA;NA;NA;NA;NA;NA;NA;NA
NA;NA;NA;NA;NA;NA;NA;NA;NA;NA
NA;NA;NA;NA;NA;NA;NA;NA;NA;NA
NA;NA;NA;NA;NA;NA;NA;NA;NA;NA
NA;NA;NA;NA;NA;NA;NA;NA;NA;NA
NA;NA;NA;NA;NA;NA;NA;NA;NA;NA
NA;NA;NA;NA;NA;NA;NA;NA;NA;NA
NA;NA;NA;NA;NA;NA;NA;NA;NA;NA
NA;NA;NA;NA;NA;NA;NA;NA;NA;NA
NA;NA;NA;NA;NA;NA;NA;NA;NA;NA
NA;NA;NA;NA;NA;NA;NA;NA;NA;NA
NA;NA;NA;NA;NA;NA;NA;NA;NA;NA
NA;NA;NA;NA;NA;NA;NA;NA;NA;NA
NA;NA;NA;NA;NA;NA;NA;NA;NA;NA
NA;NA;NA;NA;NA;NA;NA;NA;NA;NA
NA;NA;NA;NA;NA;NA;NA;NA;NA;NA
NA;NA;NA;NA;NA;NA;NA;NA;NA;NA
NA;NA;NA;NA;NA;NA;NA;NA;NA;NA
NA;NA;NA;NA;NA;NA;NA;NA;NA;NA
NA;NA;NA;NA;NA;NA;NA;NA;NA;NA
NA;NA;NA;NA;NA;NA;NA;NA;NA;NA
NA;NA;NA;NA;NA;NA;NA;NA;NA;NA
NA;NA;NA;NA;NA;NA;NA;NA;NA;NA
NA;NA;NA;NA;NA;NA;NA;NA;NA;NA
NA;NA;NA;NA;NA;NA;NA;NA;NA;NA
NA;NA;NA;NA;NA;NA;NA;NA;NA;NA
NA;NA;NA;NA;NA;NA;NA;NA;NA;NA
NA;NA;NA;NA;NA;NA;NA;NA;NA;NA
NA;NA;NA;NA;NA;NA;NA;NA;NA;NA
NA;NA;NA;NA;NA;NA;NA;NA;NA;NA
NA;NA;NA;NA;NA;NA;NA;NA;NA;NA
NA;NA;NA;NA;NA;NA;NA;NA;NA;NA
NA;NA;NA;NA;NA;NA;NA;NA;NA;NA
NA;NA;NA;NA;NA;NA;NA;NA;NA;NA
NA;NA;NA;NA;NA;NA;NA;NA;NA;NA
NA;NA;NA;NA;NA;NA;NA;NA;NA;NA
NA;NA;NA;NA;NA;NA;NA;NA;NA;NA
NA;NA;NA;NA;NA;NA;NA;NA;NA;NA
NA;NA;NA;NA;NA;NA;NA;NA;NA;NA
NA;NA;NA;NA;NA;NA;NA;NA;NA;NA
NA;NA;NA;NA;NA;NA;NA;NA;NA;NA
NA;NA;NA;NA;NA;NA;NA;NA;NA;NA
NA;NA;NA;NA;NA;NA;NA;NA;NA;NA
NA;NA;NA;NA;NA;NA;NA;NA;NA;NA
NA;NA;NA;NA;NA;NA;NA;NA;NA;NA
NA;NA;NA;NA;NA;NA;NA;NA;NA;NA
NA;NA;NA;NA;NA;NA;NA;NA;NA;NA
NA;NA;NA;NA;NA;NA;NA;NA;NA;NA
NA;NA;NA;NA;NA;NA;NA;NA;NA;NA
NA;NA;NA;NA;NA;NA;NA;NA;NA;NA
NA;NA;NA;NA;NA;NA;NA;NA;NA;NA
NA;NA;NA;NA;NA;NA;NA;NA;NA;NA
NA;NA;NA;NA;NA;NA;NA;NA;NA;NA
NA;NA;NA;NA;NA;NA;NA;NA;NA;NA
NA;NA;NA;NA;NA;NA;NA;NA;NA;NA
NA;NA;NA;NA;NA;NA;NA;NA;NA;NA
NA;NA;NA;NA;NA;NA;NA;NA;NA;NA
NA;NA;NA;NA;NA;NA;NA;NA;NA;NA
NA;NA;NA;NA;NA;NA;NA;NA;NA;NA
NA;NA;NA;NA;NA;NA;NA;NA;NA;NA
NA;NA;NA;NA;NA;NA;NA;NA;NA;NA
NA;NA;NA;NA;NA;NA;NA;NA;NA;NA
NA;NA;NA;NA;NA;NA;NA;NA;NA;NA
NA;NA;NA;NA;NA;NA;NA;NA;NA;NA
NA;NA;NA;NA;NA;NA;NA;NA;NA;NA
NA;NA;NA;NA;NA;NA;NA;NA;NA;NA
NA;NA;NA;NA;NA;NA;NA;NA;NA;NA
NA;NA;NA;NA;NA;NA;NA;NA;NA;NA
NA;NA;NA;NA;NA;NA;NA;NA;NA;NA
NA;NA;NA;NA;NA;NA;NA;NA;NA;NA
NA;NA;NA;NA;NA;NA;NA;NA;NA;NA
NA;NA;NA;NA;NA;NA;NA;NA;NA;NA
NA;NA;NA;NA;NA;NA;NA;NA;NA;NA
NA;NA;NA;NA;NA;NA;NA;NA;NA;NA
NA;NA;NA;NA;NA;NA;NA;NA;NA;NA
NA;NA;NA;NA;NA;NA;NA;NA;NA;NA
NA;NA;NA;NA;NA;NA;NA;NA;NA;NA
NA;NA;NA;NA;NA;NA;NA;NA;NA;NA
NA;NA;NA;NA;NA;NA;NA;NA;NA;NA
NA;NA;NA;NA;NA;NA;NA;NA;NA;NA
NA;NA;NA;NA;NA;NA;NA;NA;NA;NA
NA;NA;NA;NA;NA;NA;NA;NA;NA;NA
NA;NA;NA;NA;NA;NA;NA;NA;NA;NA
NA;NA;NA;NA;NA;NA;NA;NA;NA;NA
NA;NA;NA;NA;NA;NA;NA;NA;NA;NA
NA;NA;NA;NA;NA;NA;NA;NA;NA;NA
NA;NA;NA;NA;NA;NA;NA;NA;NA;NA
NA;NA;NA;NA;NA;NA;NA;NA;NA;NA
NA;NA;NA;NA;NA;NA;NA;NA;NA;NA
NA;NA;NA;NA;NA;NA;NA;NA;NA;NA
NA;NA;NA;NA;NA;NA;NA;NA;NA;NA
NA;NA;NA;NA;NA;NA;NA;NA;NA;NA
NA;NA;NA;NA;NA;NA;NA;NA;NA;NA
NA;NA;NA;NA;NA;NA;NA;NA;NA;NA
NA;NA;NA;NA;NA;NA;NA;NA;NA;NA
NA;NA;NA;NA;NA;NA;NA;NA;NA;NA
NA;NA;NA;NA;NA;NA;NA;NA;NA;NA
NA;NA;NA;NA;NA;NA;NA;NA;NA;NA
NA;NA;NA;NA;NA;NA;NA;NA;NA;NA
NA;NA;NA;NA;NA;NA;NA;NA;NA;NA
NA;NA;NA;NA;NA;NA;NA;NA;NA;NA
NA;NA;NA;NA;NA;NA;NA;NA;NA;NA
NA;NA;NA;NA;NA;NA;NA;NA;NA;NA
NA;NA;NA;NA;NA;NA;NA;NA;NA;NA
NA;NA;NA;NA;NA;NA;NA;NA;NA;NA
NA;NA;NA;NA;NA;NA;NA;NA;NA;NA
NA;NA;NA;NA;NA;NA;NA;NA;NA;NA
NA;NA;NA;NA;NA;NA;NA;NA;NA;NA
NA;NA;NA;NA;NA;NA;NA;NA;NA;NA
NA;NA;NA;NA;NA;NA;NA;NA;NA;NA
NA;NA;NA;NA;NA;NA;NA;NA;NA;NA
NA;NA;NA;NA;NA;NA;NA;NA;NA;NA
NA;NA;NA;NA;NA;NA;NA;NA;NA;NA
NA;NA;NA;NA;NA;NA;NA;NA;NA;NA
NA;NA;NA;NA;NA;NA;NA;NA;NA;NA
NA;NA;NA;NA;NA;NA;NA;NA;NA;NA
NA;NA;NA;NA;NA;NA;NA;NA;NA;NA
NA;NA;NA;NA;NA;NA;NA;NA;NA;NA
NA;NA;NA;NA;NA;NA;NA;NA;NA;NA
NA;NA;NA;NA;NA;NA;NA;NA;NA;NA
NA;NA;NA;NA;NA;NA;NA;NA;NA;NA
NA;NA;NA;NA;NA;NA;NA;NA;NA;NA
NA;NA;NA;NA;NA;NA;NA;NA;NA;NA
NA;NA;NA;NA;NA;NA;NA;NA;NA;NA
NA;NA;NA;NA;NA;NA;NA;NA;NA;NA
NA;NA;NA;NA;NA;NA;NA;NA;NA;NA
NA;NA;NA;NA;NA;NA;NA;NA;NA;NA
NA;NA;NA;NA;NA;NA;NA;NA;NA;NA
NA;NA;NA;NA;NA;NA;NA;NA;NA;NA
NA;NA;NA;NA;NA;NA;NA;NA;NA;NA
NA;NA;NA;NA;NA;NA;NA;NA;NA;NA
NA;NA;NA;NA;NA;NA;NA;NA;NA;NA
NA;NA;NA;NA;NA;NA;NA;NA;NA;NA
NA;NA;NA;NA;NA;NA;NA;NA;NA;NA
NA;NA;NA;NA;NA;NA;NA;NA;NA;NA
NA;NA;NA;NA;NA;NA;NA;NA;NA;NA
NA;NA;NA;NA;NA;NA;NA;NA;NA;NA
NA;NA;NA;NA;NA;NA;NA;NA;NA;NA
NA;NA;NA;NA;NA;NA;NA;NA;NA;NA
NA;NA;NA;NA;NA;NA;NA;NA;NA;NA
NA;NA;NA;NA;NA;NA;NA;NA;NA;NA
NA;NA;NA;NA;NA;NA;NA;NA;NA;NA
NA;NA;NA;NA;NA;NA;NA;NA;NA;NA
NA;NA;NA;NA;NA;NA;NA;NA;NA;NA
NA;NA;NA;NA;NA;NA;NA;NA;NA;NA
NA;NA;NA;NA;NA;NA;NA;NA;NA;NA
NA;NA;NA;NA;NA;NA;NA;NA;NA;NA
NA;NA;NA;NA;NA;NA;NA;NA;NA;NA
NA;NA;NA;NA;NA;NA;NA;NA;NA;NA
NA;NA;NA;NA;NA;NA;NA;NA;NA;NA
NA;NA;NA;NA;NA;NA;NA;NA;NA;NA
NA;NA;NA;NA;NA;NA;NA;NA;NA;NA
NA;NA;NA;NA;NA;NA;NA;NA;NA;NA
NA;NA;NA;NA;NA;NA;NA;NA;NA;NA
NA;NA;NA;NA;NA;NA;NA;NA;NA;NA
NA;NA;NA;NA;NA;NA;NA;NA;NA;NA
NA;NA;NA;NA;NA;NA;NA;NA;NA;NA
NA;NA;NA;NA;NA;NA;NA;NA;NA;NA
NA;NA;NA;NA;NA;NA;NA;NA;NA;NA
NA;NA;NA;NA;NA;NA;NA;NA;NA;NA
NA;NA;NA;NA;NA;NA;NA;NA;NA;NA
NA;NA;NA;NA;NA;NA;NA;NA;NA;NA
NA;NA;NA;NA;NA;NA;NA;NA;NA;NA
NA;NA;NA;NA;NA;NA;NA;NA;NA;NA
NA;NA;NA;NA;NA;NA;NA;NA;NA;NA
NA;NA;NA;NA;NA;NA;NA;NA;NA;NA
NA;NA;NA;NA;NA;NA;NA;NA;NA;NA
NA;NA;NA;NA;NA;NA;NA;NA;NA;NA
NA;NA;NA;NA;NA;NA;NA;NA;NA;NA
NA;NA;NA;NA;NA;NA;NA;NA;NA;NA
NA;NA;NA;NA;NA;NA;NA;NA;NA;NA
NA;NA;NA;NA;NA;NA;NA;NA;NA;NA
NA;NA;NA;NA;NA;NA;NA;NA;NA;NA
NA;NA;NA;NA;NA;NA;NA;NA;NA;NA
NA;NA;NA;NA;NA;NA;NA;NA;NA;NA
NA;NA;NA;NA;NA;NA;NA;NA;NA;NA
NA;NA;NA;NA;NA;NA;NA;NA;NA;NA
NA;NA;NA;NA;NA;NA;NA;NA;NA;NA
NA;NA;NA;NA;NA;NA;NA;NA;NA;NA
NA;NA;NA;NA;NA;NA;NA;NA;NA;NA
NA;NA;NA;NA;NA;NA;NA;NA;NA;NA
NA;NA;NA;NA;NA;NA;NA;NA;NA;NA
NA;NA;NA;NA;NA;NA;NA;NA;NA;NA
NA;NA;NA;NA;NA;NA;NA;NA;NA;NA
NA;NA;NA;NA;NA;NA;NA;NA;NA;NA
NA;NA;NA;NA;NA;NA;NA;NA;NA;NA
NA;NA;NA;NA;NA;NA;NA;NA;NA;NA
NA;NA;NA;NA;NA;NA;NA;NA;NA;NA
NA;NA;NA;NA;NA;NA;NA;NA;NA;NA
NA;NA;NA;NA;NA;NA;NA;NA;NA;NA
NA;NA;NA;NA;NA;NA;NA;NA;NA;NA
NA;NA;NA;NA;NA;NA;NA;NA;NA;NA
NA;NA;NA;NA;NA;NA;NA;NA;NA;NA
NA;NA;NA;NA;NA;NA;NA;NA;NA;NA
NA;NA;NA;NA;NA;NA;NA;NA;NA;NA
NA;NA;NA;NA;NA;NA;NA;NA;NA;NA
NA;NA;NA;NA;NA;NA;NA;NA;NA;NA
NA;NA;NA;NA;NA;NA;NA;NA;NA;NA
NA;NA;NA;NA;NA;NA;NA;NA;NA;NA
NA;NA;NA;NA;NA;NA;NA;NA;NA;NA
NA;NA;NA;NA;NA;NA;NA;NA;NA;NA
NA;NA;NA;NA;NA;NA;NA;NA;NA;NA
NA;NA;NA;NA;NA;NA;NA;NA;NA;NA
NA;NA;NA;NA;NA;NA;NA;NA;NA;NA
NA;NA;NA;NA;NA;NA;NA;NA;NA;NA
NA;NA;NA;NA;NA;NA;NA;NA;NA;NA
NA;NA;NA;NA;NA;NA;NA;NA;NA;NA
NA;NA;NA;NA;NA;NA;NA;NA;NA;NA
NA;NA;NA;NA;NA;NA;NA;NA;NA;NA
NA;NA;NA;NA;NA;NA;NA;NA;NA;NA
NA;NA;NA;NA;NA;NA;NA;NA;NA;NA
NA;NA;NA;NA;NA;NA;NA;NA;NA;NA
NA;NA;NA;NA;NA;NA;NA;NA;NA;NA
NA;NA;NA;NA;NA;NA;NA;NA;NA;NA
NA;NA;NA;NA;NA;NA;NA;NA;NA;NA
NA;NA;NA;NA;NA;NA;NA;NA;NA;NA
NA;NA;NA;NA;NA;NA;NA;NA;NA;NA
NA;NA;NA;NA;NA;NA;NA;NA;NA;NA
NA;NA;NA;NA;NA;NA;NA;NA;NA;NA
NA;NA;NA;NA;NA;NA;NA;NA;NA;NA
NA;NA;NA;NA;NA;NA;NA;NA;NA;NA
NA;NA;NA;NA;NA;NA;NA;NA;NA;NA
NA;NA;NA;NA;NA;NA;NA;NA;NA;NA
NA;NA;NA;NA;NA;NA;NA;NA;NA;NA
NA;NA;NA;NA;NA;NA;NA;NA;NA;NA
NA;NA;NA;NA;NA;NA;NA;NA;NA;NA
NA;NA;NA;NA;NA;NA;NA;NA;NA;NA
NA;NA;NA;NA;NA;NA;NA;NA;NA;NA
NA;NA;NA;NA;NA;NA;NA;NA;NA;NA
NA;NA;NA;NA;NA;NA;NA;NA;NA;NA
NA;NA;NA;NA;NA;NA;NA;NA;NA;NA
NA;NA;NA;NA;NA;NA;NA;NA;NA;NA
NA;NA;NA;NA;NA;NA;NA;NA;NA;NA
NA;NA;NA;NA;NA;NA;NA;NA;NA;NA
NA;NA;NA;NA;NA;NA;NA;NA;NA;NA
NA;NA;NA;NA;NA;NA;NA;NA;NA;NA
NA;NA;NA;NA;NA;NA;NA;NA;NA;NA
NA;NA;NA;NA;NA;NA;NA;NA;NA;NA
NA;NA;NA;NA;NA;NA;NA;NA;NA;NA
NA;NA;NA;NA;NA;NA;NA;NA;NA;NA
NA;NA;NA;NA;NA;NA;NA;NA;NA;NA
NA;NA;NA;NA;NA;NA;NA;NA;NA;NA
NA;NA;NA;NA;NA;NA;NA;NA;NA;NA
NA;NA;NA;NA;NA;NA;NA;NA;NA;NA
NA;NA;NA;NA;NA;NA;NA;NA;NA;NA
NA;NA;NA;NA;NA;NA;NA;NA;NA;NA
NA;NA;NA;NA;NA;NA;NA;NA;NA;NA
NA;NA;NA;NA;NA;NA;NA;NA;NA;NA
NA;NA;NA;NA;NA;NA;NA;NA;NA;NA
NA;NA;NA;NA;NA;NA;NA;NA;NA;NA
NA;NA;NA;NA;NA;NA;NA;NA;NA;NA
NA;NA;NA;NA;NA;NA;NA;NA;NA;NA
NA;NA;NA;NA;NA;NA;NA;NA;NA;NA
NA;NA;NA;NA;NA;NA;NA;NA;NA;NA
NA;NA;NA;NA;NA;NA;NA;NA;NA;NA
NA;NA;NA;NA;NA;NA;NA;NA;NA;NA
NA;NA;NA;NA;NA;NA;NA;NA;NA;NA
NA;NA;NA;NA;NA;NA;NA;NA;NA;NA
NA;NA;NA;NA;NA;NA;NA;NA;NA;NA
NA;NA;NA;NA;NA;NA;NA;NA;NA;NA
NA;NA;NA;NA;NA;NA;NA;NA;NA;NA
NA;NA;NA;NA;NA;NA;NA;NA;NA;NA
NA;NA;NA;NA;NA;NA;NA;NA;NA;NA
NA;NA;NA;NA;NA;NA;NA;NA;NA;NA
NA;NA;NA;NA;NA;NA;NA;NA;NA;NA
NA;NA;NA;NA;NA;NA;NA;NA;NA;NA
NA;NA;NA;NA;NA;NA;NA;NA;NA;NA
NA;NA;NA;NA;NA;NA;NA;NA;NA;NA
NA;NA;NA;NA;NA;NA;NA;NA;NA;NA
NA;NA;NA;NA;NA;NA;NA;NA;NA;NA
NA;NA;NA;NA;NA;NA;NA;NA;NA;NA
NA;NA;NA;NA;NA;NA;NA;NA;NA;NA
NA;NA;NA;NA;NA;NA;NA;NA;NA;NA
NA;NA;NA;NA;NA;NA;NA;NA;NA;NA
NA;NA;NA;NA;NA;NA;NA;NA;NA;NA
NA;NA;NA;NA;NA;NA;NA;NA;NA;NA
NA;NA;NA;NA;NA;NA;NA;NA;NA;NA
NA;NA;NA;NA;NA;NA;NA;NA;NA;NA
NA;NA;NA;NA;NA;NA;NA;NA;NA;NA
NA;NA;NA;NA;NA;NA;NA;NA;NA;NA
NA;NA;NA;NA;NA;NA;NA;NA;NA;NA
NA;NA;NA;NA;NA;NA;NA;NA;NA;NA
NA;NA;NA;NA;NA;NA;NA;NA;NA;NA
NA;NA;NA;NA;NA;NA;NA;NA;NA;NA
NA;NA;NA;NA;NA;NA;NA;NA;NA;NA
NA;NA;NA;NA;NA;NA;NA;NA;NA;NA
NA;NA;NA;NA;NA;NA;NA;NA;NA;NA
NA;NA;NA;NA;NA;NA;NA;NA;NA;NA
NA;NA;NA;NA;NA;NA;NA;NA;NA;NA
NA;NA;NA;NA;NA;NA;NA;NA;NA;NA
NA;NA;NA;NA;NA;NA;NA;NA;NA;NA
NA;NA;NA;NA;NA;NA;NA;NA;NA;NA
NA;NA;NA;NA;NA;NA;NA;NA;NA;NA
NA;NA;NA;NA;NA;NA;NA;NA;NA;NA
NA;NA;NA;NA;NA;NA;NA;NA;NA;NA
NA;NA;NA;NA;NA;NA;NA;NA;NA;NA
NA;NA;NA;NA;NA;NA;NA;NA;NA;NA
NA;NA;NA;NA;NA;NA;NA;NA;NA;NA
NA;NA;NA;NA;NA;NA;NA;NA;NA;NA
NA;NA;NA;NA;NA;NA;NA;NA;NA;NA
NA;NA;NA;NA;NA;NA;NA;NA;NA;NA
NA;NA;NA;NA;NA;NA;NA;NA;NA;NA
NA;NA;NA;NA;NA;NA;NA;NA;NA;NA
NA;NA;NA;NA;NA;NA;NA;NA;NA;NA
NA;NA;NA;NA;NA;NA;NA;NA;NA;NA
NA;NA;NA;NA;NA;NA;NA;NA;NA;NA
NA;NA;NA;NA;NA;NA;NA;NA;NA;NA
NA;NA;NA;NA;NA;NA;NA;NA;NA;NA
NA;NA;NA;NA;NA;NA;NA;NA;NA;NA
NA;NA;NA;NA;NA;NA;NA;NA;NA;NA
NA;NA;NA;NA;NA;NA;NA;NA;NA;NA
NA;NA;NA;NA;NA;NA;NA;NA;NA;NA
NA;NA;NA;NA;NA;NA;NA;NA;NA;NA
NA;NA;NA;NA;NA;NA;NA;NA;NA;NA
NA;NA;NA;NA;NA;NA;NA;NA;NA;NA
NA;NA;NA;NA;NA;NA;NA;NA;NA;NA
NA;NA;NA;NA;NA;NA;NA;NA;NA;NA
NA;NA;NA;NA;NA;NA;NA;NA;NA;NA
NA;NA;NA;NA;NA;NA;NA;NA;NA;NA
NA;NA;NA;NA;NA;NA;NA;NA;NA;NA
NA;NA;NA;NA;NA;NA;NA;NA;NA;NA
NA;NA;NA;NA;NA;NA;NA;NA;NA;NA
NA;NA;NA;NA;NA;NA;NA;NA;NA;NA
NA;NA;NA;NA;NA;NA;NA;NA;NA;NA
NA;NA;NA;NA;NA;NA;NA;NA;NA;NA
NA;NA;NA;NA;NA;NA;NA;NA;NA;NA
NA;NA;NA;NA;NA;NA;NA;NA;NA;NA
NA;NA;NA;NA;NA;NA;NA;NA;NA;NA
NA;NA;NA;NA;NA;NA;NA;NA;NA;NA
NA;NA;NA;NA;NA;NA;NA;NA;NA;NA
NA;NA;NA;NA;NA;NA;NA;NA;NA;NA
NA;NA;NA;NA;NA;NA;NA;NA;NA;NA
NA;NA;NA;NA;NA;NA;NA;NA;NA;NA
NA;NA;NA;NA;NA;NA;NA;NA;NA;NA
NA;NA;NA;NA;NA;NA;NA;NA;NA;NA
NA;NA;NA;NA;NA;NA;NA;NA;NA;NA
NA;NA;NA;NA;NA;NA;NA;NA;NA;NA
NA;NA;NA;NA;NA;NA;NA;NA;NA;NA
NA;NA;NA;NA;NA;NA;NA;NA;NA;NA
NA;NA;NA;NA;NA;NA;NA;NA;NA;NA
NA;NA;NA;NA;NA;NA;NA;NA;NA;NA
NA;NA;NA;NA;NA;NA;NA;NA;NA;NA
NA;NA;NA;NA;NA;NA;NA;NA;NA;NA
NA;NA;NA;NA;NA;NA;NA;NA;NA;NA
NA;NA;NA;NA;NA;NA;NA;NA;NA;NA
NA;NA;NA;NA;NA;NA;NA;NA;NA;NA
NA;NA;NA;NA;NA;NA;NA;NA;NA;NA
NA;NA;NA;NA;NA;NA;NA;NA;NA;NA
NA;NA;NA;NA;NA;NA;NA;NA;NA;NA
NA;NA;NA;NA;NA;NA;NA;NA;NA;NA
NA;NA;NA;NA;NA;NA;NA;NA;NA;NA
NA;NA;NA;NA;NA;NA;NA;NA;NA;NA
NA;NA;NA;NA;NA;NA;NA;NA;NA;NA
NA;NA;NA;NA;NA;NA;NA;NA;NA;NA
NA;NA;NA;NA;NA;NA;NA;NA;NA;NA
NA;NA;NA;NA;NA;NA;NA;NA;NA;NA
NA;NA;NA;NA;NA;NA;NA;NA;NA;NA
NA;NA;NA;NA;NA;NA;NA;NA;NA;NA
NA;NA;NA;NA;NA;NA;NA;NA;NA;NA
NA;NA;NA;NA;NA;NA;NA;NA;NA;NA
NA;NA;NA;NA;NA;NA;NA;NA;NA;NA
NA;NA;NA;NA;NA;NA;NA;NA;NA;NA
NA;NA;NA;NA;NA;NA;NA;NA;NA;NA
NA;NA;NA;NA;NA;NA;NA;NA;NA;NA
NA;NA;NA;NA;NA;NA;NA;NA;NA;NA
NA;NA;NA;NA;NA;NA;NA;NA;NA;NA
NA;NA;NA;NA;NA;NA;NA;NA;NA;NA
NA;NA;NA;NA;NA;NA;NA;NA;NA;NA
NA;NA;NA;NA;NA;NA;NA;NA;NA;NA
NA;NA;NA;NA;NA;NA;NA;NA;NA;NA
NA;NA;NA;NA;NA;NA;NA;NA;NA;NA
NA;NA;NA;NA;NA;NA;NA;NA;NA;NA
NA;NA;NA;NA;NA;NA;NA;NA;NA;NA
NA;NA;NA;NA;NA;NA;NA;NA;NA;NA
NA;NA;NA;NA;NA;NA;NA;NA;NA;NA
NA;NA;NA;NA;NA;NA;NA;NA;NA;NA
NA;NA;NA;NA;NA;NA;NA;NA;NA;NA
NA;NA;NA;NA;NA;NA;NA;NA;NA;NA
NA;NA;NA;NA;NA;NA;NA;NA;NA;NA
NA;NA;NA;NA;NA;NA;NA;NA;NA;NA
NA;NA;NA;NA;NA;NA;NA;NA;NA;NA
NA;NA;NA;NA;NA;NA;NA;NA;NA;NA
NA;NA;NA;NA;NA;NA;NA;NA;NA;NA
NA;NA;NA;NA;NA;NA;NA;NA;NA;NA
NA;NA;NA;NA;NA;NA;NA;NA;NA;NA
NA;NA;NA;NA;NA;NA;NA;NA;NA;NA
NA;NA;NA;NA;NA;NA;NA;NA;NA;NA
NA;NA;NA;NA;NA;NA;NA;NA;NA;NA
NA;NA;NA;NA;NA;NA;NA;NA;NA;NA
NA;NA;NA;NA;NA;NA;NA;NA;NA;NA
NA;NA;NA;NA;NA;NA;NA;NA;NA;NA
NA;NA;NA;NA;NA;NA;NA;NA;NA;NA
NA;NA;NA;NA;NA;NA;NA;NA;NA;NA
NA;NA;NA;NA;NA;NA;NA;NA;NA;NA
NA;NA;NA;NA;NA;NA;NA;NA;NA;NA
NA;NA;NA;NA;NA;NA;NA;NA;NA;NA
NA;NA;NA;NA;NA;NA;NA;NA;NA;NA
NA;NA;NA;NA;NA;NA;NA;NA;NA;NA
NA;NA;NA;NA;NA;NA;NA;NA;NA;NA
NA;NA;NA;NA;NA;NA;NA;NA;NA;NA
NA;NA;NA;NA;NA;NA;NA;NA;NA;NA
NA;NA;NA;NA;NA;NA;NA;NA;NA;NA
NA;NA;NA;NA;NA;NA;NA;NA;NA;NA
NA;NA;NA;NA;NA;NA;NA;NA;NA;NA
NA;NA;NA;NA;NA;NA;NA;NA;NA;NA
NA;NA;NA;NA;NA;NA;NA;NA;NA;NA
NA;NA;NA;NA;NA;NA;NA;NA;NA;NA
NA;NA;NA;NA;NA;NA;NA;NA;NA;NA
NA;NA;NA;NA;NA;NA;NA;NA;NA;NA
NA;NA;NA;NA;NA;NA;NA;NA;NA;NA
NA;NA;NA;NA;NA;NA;NA;NA;NA;NA
NA;NA;NA;NA;NA;NA;NA;NA;NA;NA
NA;NA;NA;NA;NA;NA;NA;NA;NA;NA
NA;NA;NA;NA;NA;NA;NA;NA;NA;NA
NA;NA;NA;NA;NA;NA;NA;NA;NA;NA
NA;NA;NA;NA;NA;NA;NA;NA;NA;NA
NA;NA;NA;NA;NA;NA;NA;NA;NA;NA
NA;NA;NA;NA;NA;NA;NA;NA;NA;NA
NA;NA;NA;NA;NA;NA;NA;NA;NA;NA
NA;NA;NA;NA;NA;NA;NA;NA;NA;NA
NA;NA;NA;NA;NA;NA;NA;NA;NA;NA
NA;NA;NA;NA;NA;NA;NA;NA;NA;NA
NA;NA;NA;NA;NA;NA;NA;NA;NA;NA
NA;NA;NA;NA;NA;NA;NA;NA;NA;NA
NA;NA;NA;NA;NA;NA;NA;NA;NA;NA
NA;NA;NA;NA;NA;NA;NA;NA;NA;NA
NA;NA;NA;NA;NA;NA;NA;NA;NA;NA
NA;NA;NA;NA;NA;NA;NA;NA;NA;NA
NA;NA;NA;NA;NA;NA;NA;NA;NA;NA
NA;NA;NA;NA;NA;NA;NA;NA;NA;NA
NA;NA;NA;NA;NA;NA;NA;NA;NA;NA
NA;NA;NA;NA;NA;NA;NA;NA;NA;NA
NA;NA;NA;NA;NA;NA;NA;NA;NA;NA
NA;NA;NA;NA;NA;NA;NA;NA;NA;NA
NA;NA;NA;NA;NA;NA;NA;NA;NA;NA
NA;NA;NA;NA;NA;NA;NA;NA;NA;NA
NA;NA;NA;NA;NA;NA;NA;NA;NA;NA
NA;NA;NA;NA;NA;NA;NA;NA;NA;NA
NA;NA;NA;NA;NA;NA;NA;NA;NA;NA
NA;NA;NA;NA;NA;NA;NA;NA;NA;NA
NA;NA;NA;NA;NA;NA;NA;NA;NA;NA
NA;NA;NA;NA;NA;NA;NA;NA;NA;NA
NA;NA;NA;NA;NA;NA;NA;NA;NA;NA
NA;NA;NA;NA;NA;NA;NA;NA;NA;NA
NA;NA;NA;NA;NA;NA;NA;NA;NA;NA
NA;NA;NA;NA;NA;NA;NA;NA;NA;NA
NA;NA;NA;NA;NA;NA;NA;NA;NA;NA
NA;NA;NA;NA;NA;NA;NA;NA;NA;NA
NA;NA;NA;NA;NA;NA;NA;NA;NA;NA
NA;NA;NA;NA;NA;NA;NA;NA;NA;NA
NA;NA;NA;NA;NA;NA;NA;NA;NA;NA
NA;NA;NA;NA;NA;NA;NA;NA;NA;NA
NA;NA;NA;NA;NA;NA;NA;NA;NA;NA
NA;NA;NA;NA;NA;NA;NA;NA;NA;NA
NA;NA;NA;NA;NA;NA;NA;NA;NA;NA
NA;NA;NA;NA;NA;NA;NA;NA;NA;NA
NA;NA;NA;NA;NA;NA;NA;NA;NA;NA
NA;NA;NA;NA;NA;NA;NA;NA;NA;NA
NA;NA;NA;NA;NA;NA;NA;NA;NA;NA
NA;NA;NA;NA;NA;NA;NA;NA;NA;NA
NA;NA;NA;NA;NA;NA;NA;NA;NA;NA
NA;NA;NA;NA;NA;NA;NA;NA;NA;NA
NA;NA;NA;NA;NA;NA;NA;NA;NA;NA
NA;NA;NA;NA;NA;NA;NA;NA;NA;NA
NA;NA;NA;NA;NA;NA;NA;NA;NA;NA
NA;NA;NA;NA;NA;NA;NA;NA;NA;NA
NA;NA;NA;NA;NA;NA;NA;NA;NA;NA
NA;NA;NA;NA;NA;NA;NA;NA;NA;NA
NA;NA;NA;NA;NA;NA;NA;NA;NA;NA
NA;NA;NA;NA;NA;NA;NA;NA;NA;NA
NA;NA;NA;NA;NA;NA;NA;NA;NA;NA
NA;NA;NA;NA;NA;NA;NA;NA;NA;NA
NA;NA;NA;NA;NA;NA;NA;NA;NA;NA
NA;NA;NA;NA;NA;NA;NA;NA;NA;NA
NA;NA;NA;NA;NA;NA;NA;NA;NA;NA
NA;NA;NA;NA;NA;NA;NA;NA;NA;NA
NA;NA;NA;NA;NA;NA;NA;NA;NA;NA
NA;NA;NA;NA;NA;NA;NA;NA;NA;NA
NA;NA;NA;NA;NA;NA;NA;NA;NA;NA
NA;NA;NA;NA;NA;NA;NA;NA;NA;NA
NA;NA;NA;NA;NA;NA;NA;NA;NA;NA
NA;NA;NA;NA;NA;NA;NA;NA;NA;NA
NA;NA;NA;NA;NA;NA;NA;NA;NA;NA
NA;NA;NA;NA;NA;NA;NA;NA;NA;NA
NA;NA;NA;NA;NA;NA;NA;NA;NA;NA
NA;NA;NA;NA;NA;NA;NA;NA;NA;NA
NA;NA;NA;NA;NA;NA;NA;NA;NA;NA
NA;NA;NA;NA;NA;NA;NA;NA;NA;NA
NA;NA;NA;NA;NA;NA;NA;NA;NA;NA
NA;NA;NA;NA;NA;NA;NA;NA;NA;NA
NA;NA;NA;NA;NA;NA;NA;NA;NA;NA
NA;NA;NA;NA;NA;NA;NA;NA;NA;NA
NA;NA;NA;NA;NA;NA;NA;NA;NA;NA
NA;NA;NA;NA;NA;NA;NA;NA;NA;NA
NA;NA;NA;NA;NA;NA;NA;NA;NA;NA
NA;NA;NA;NA;NA;NA;NA;NA;NA;NA
NA;NA;NA;NA;NA;NA;NA;NA;NA;NA
NA;NA;NA;NA;NA;NA;NA;NA;NA;NA
NA;NA;NA;NA;NA;NA;NA;NA;NA;NA
NA;NA;NA;NA;NA;NA;NA;NA;NA;NA
NA;NA;NA;NA;NA;NA;NA;NA;NA;NA
NA;NA;NA;NA;NA;NA;NA;NA;NA;NA
NA;NA;NA;NA;NA;NA;NA;NA;NA;NA
NA;NA;NA;NA;NA;NA;NA;NA;NA;NA
NA;NA;NA;NA;NA;NA;NA;NA;NA;NA
NA;NA;NA;NA;NA;NA;NA;NA;NA;NA
NA;NA;NA;NA;NA;NA;NA;NA;NA;NA
NA;NA;NA;NA;NA;NA;NA;NA;NA;NA
NA;NA;NA;NA;NA;NA;NA;NA;NA;NA
NA;NA;NA;NA;NA;NA;NA;NA;NA;NA
NA;NA;NA;NA;NA;NA;NA;NA;NA;NA
NA;NA;NA;NA;NA;NA;NA;NA;NA;NA
NA;NA;NA;NA;NA;NA;NA;NA;NA;NA
NA;NA;NA;NA;NA;NA;NA;NA;NA;NA
NA;NA;NA;NA;NA;NA;NA;NA;NA;NA
NA;NA;NA;NA;NA;NA;NA;NA;NA;NA
NA;NA;NA;NA;NA;NA;NA;NA;NA;NA
NA;NA;NA;NA;NA;NA;NA;NA;NA;NA
NA;NA;NA;NA;NA;NA;NA;NA;NA;NA
NA;NA;NA;NA;NA;NA;NA;NA;NA;NA
NA;NA;NA;NA;NA;NA;NA;NA;NA;NA
NA;NA;NA;NA;NA;NA;NA;NA;NA;NA
NA;NA;NA;NA;NA;NA;NA;NA;NA;NA
NA;NA;NA;NA;NA;NA;NA;NA;NA;NA
NA;NA;NA;NA;NA;NA;NA;NA;NA;NA
NA;NA;NA;NA;NA;NA;NA;NA;NA;NA
NA;NA;NA;NA;NA;NA;NA;NA;NA;NA
NA;NA;NA;NA;NA;NA;NA;NA;NA;NA
NA;NA;NA;NA;NA;NA;NA;NA;NA;NA
NA;NA;NA;NA;NA;NA;NA;NA;NA;NA
NA;NA;NA;NA;NA;NA;NA;NA;NA;NA
NA;NA;NA;NA;NA;NA;NA;NA;NA;NA
NA;NA;NA;NA;NA;NA;NA;NA;NA;NA
NA;NA;NA;NA;NA;NA;NA;NA;NA;NA
NA;NA;NA;NA;NA;NA;NA;NA;NA;NA
NA;NA;NA;NA;NA;NA;NA;NA;NA;NA
NA;NA;NA;NA;NA;NA;NA;NA;NA;NA
NA;NA;NA;NA;NA;NA;NA;NA;NA;NA
NA;NA;NA;NA;NA;NA;NA;NA;NA;NA
NA;NA;NA;NA;NA;NA;NA;NA;NA;NA
NA;NA;NA;NA;NA;NA;NA;NA;NA;NA
NA;NA;NA;NA;NA;NA;NA;NA;NA;NA
NA;NA;NA;NA;NA;NA;NA;NA;NA;NA
NA;NA;NA;NA;NA;NA;NA;NA;NA;NA
NA;NA;NA;NA;NA;NA;NA;NA;NA;NA
NA;NA;NA;NA;NA;NA;NA;NA;NA;NA
NA;NA;NA;NA;NA;NA;NA;NA;NA;NA
NA;NA;NA;NA;NA;NA;NA;NA;NA;NA
NA;NA;NA;NA;NA;NA;NA;NA;NA;NA
NA;NA;NA;NA;NA;NA;NA;NA;NA;NA
NA;NA;NA;NA;NA;NA;NA;NA;NA;NA
NA;NA;NA;NA;NA;NA;NA;NA;NA;NA
NA;NA;NA;NA;NA;NA;NA;NA;NA;NA
NA;NA;NA;NA;NA;NA;NA;NA;NA;NA
NA;NA;NA;NA;NA;NA;NA;NA;NA;NA
NA;NA;NA;NA;NA;NA;NA;NA;NA;NA
NA;NA;NA;NA;NA;NA;NA;NA;NA;NA
NA;NA;NA;NA;NA;NA;NA;NA;NA;NA
NA;NA;NA;NA;NA;NA;NA;NA;NA;NA
NA;NA;NA;NA;NA;NA;NA;NA;NA;NA
NA;NA;NA;NA;NA;NA;NA;NA;NA;NA
NA;NA;NA;NA;NA;NA;NA;NA;NA;NA
NA;NA;NA;NA;NA;NA;NA;NA;NA;NA
NA;NA;NA;NA;NA;NA;NA;NA;NA;NA
NA;NA;NA;NA;NA;NA;NA;NA;NA;NA
NA;NA;NA;NA;NA;NA;NA;NA;NA;NA
NA;NA;NA;NA;NA;NA;NA;NA;NA;NA
NA;NA;NA;NA;NA;NA;NA;NA;NA;NA
NA;NA;NA;NA;NA;NA;NA;NA;NA;NA
NA;NA;NA;NA;NA;NA;NA;NA;NA;NA
NA;NA;NA;NA;NA;NA;NA;NA;NA;NA
NA;NA;NA;NA;NA;NA;NA;NA;NA;NA
NA;NA;NA;NA;NA;NA;NA;NA;NA;NA
NA;NA;NA;NA;NA;NA;NA;NA;NA;NA
NA;NA;NA;NA;NA;NA;NA;NA;NA;NA
NA;NA;NA;NA;NA;NA;NA;NA;NA;NA
NA;NA;NA;NA;NA;NA;NA;NA;NA;NA
NA;NA;NA;NA;NA;NA;NA;NA;NA;NA
NA;NA;NA;NA;NA;NA;NA;NA;NA;NA
NA;NA;NA;NA;NA;NA;NA;NA;NA;NA
NA;NA;NA;NA;NA;NA;NA;NA;NA;NA
NA;NA;NA;NA;NA;NA;NA;NA;NA;NA
NA;NA;NA;NA;NA;NA;NA;NA;NA;NA
NA;NA;NA;NA;NA;NA;NA;NA;NA;NA
NA;NA;NA;NA;NA;NA;NA;NA;NA;NA
NA;NA;NA;NA;NA;NA;NA;NA;NA;NA
NA;NA;NA;NA;NA;NA;NA;NA;NA;NA
NA;NA;NA;NA;NA;NA;NA;NA;NA;NA
NA;NA;NA;NA;NA;NA;NA;NA;NA;NA
NA;NA;NA;NA;NA;NA;NA;NA;NA;NA
NA;NA;NA;NA;NA;NA;NA;NA;NA;NA
NA;NA;NA;NA;NA;NA;NA;NA;NA;NA
NA;NA;NA;NA;NA;NA;NA;NA;NA;NA
NA;NA;NA;NA;NA;NA;NA;NA;NA;NA
NA;NA;NA;NA;NA;NA;NA;NA;NA;NA
NA;NA;NA;NA;NA;NA;NA;NA;NA;NA
NA;NA;NA;NA;NA;NA;NA;NA;NA;NA
NA;NA;NA;NA;NA;NA;NA;NA;NA;NA
NA;NA;NA;NA;NA;NA;NA;NA;NA;NA
NA;NA;NA;NA;NA;NA;NA;NA;NA;NA
NA;NA;NA;NA;NA;NA;NA;NA;NA;NA
NA;NA;NA;NA;NA;NA;NA;NA;NA;NA
NA;NA;NA;NA;NA;NA;NA;NA;NA;NA
NA;NA;NA;NA;NA;NA;NA;NA;NA;NA
NA;NA;NA;NA;NA;NA;NA;NA;NA;NA
NA;NA;NA;NA;NA;NA;NA;NA;NA;NA
NA;NA;NA;NA;NA;NA;NA;NA;NA;NA
NA;NA;NA;NA;NA;NA;NA;NA;NA;NA
NA;NA;NA;NA;NA;NA;NA;NA;NA;NA
NA;NA;NA;NA;NA;NA;NA;NA;NA;NA
NA;NA;NA;NA;NA;NA;NA;NA;NA;NA
NA;NA;NA;NA;NA;NA;NA;NA;NA;NA
NA;NA;NA;NA;NA;NA;NA;NA;NA;NA
NA;NA;NA;NA;NA;NA;NA;NA;NA;NA
NA;NA;NA;NA;NA;NA;NA;NA;NA;NA
NA;NA;NA;NA;NA;NA;NA;NA;NA;NA
NA;NA;NA;NA;NA;NA;NA;NA;NA;NA
NA;NA;NA;NA;NA;NA;NA;NA;NA;NA
NA;NA;NA;NA;NA;NA;NA;NA;NA;NA
NA;NA;NA;NA;NA;NA;NA;NA;NA;NA
NA;NA;NA;NA;NA;NA;NA;NA;NA;NA
NA;NA;NA;NA;NA;NA;NA;NA;NA;NA
NA;NA;NA;NA;NA;NA;NA;NA;NA;NA
NA;NA;NA;NA;NA;NA;NA;NA;NA;NA
NA;NA;NA;NA;NA;NA;NA;NA;NA;NA
NA;NA;NA;NA;NA;NA;NA;NA;NA;NA
NA;NA;NA;NA;NA;NA;NA;NA;NA;NA
NA;NA;NA;NA;NA;NA;NA;NA;NA;NA
NA;NA;NA;NA;NA;NA;NA;NA;NA;NA
NA;NA;NA;NA;NA;NA;NA;NA;NA;NA
NA;NA;NA;NA;NA;NA;NA;NA;NA;NA
NA;NA;NA;NA;NA;NA;NA;NA;NA;NA
NA;NA;NA;NA;NA;NA;NA;NA;NA;NA
NA;NA;NA;NA;NA;NA;NA;NA;NA;NA
NA;NA;NA;NA;NA;NA;NA;NA;NA;NA
NA;NA;NA;NA;NA;NA;NA;NA;NA;NA
NA;NA;NA;NA;NA;NA;NA;NA;NA;NA
NA;NA;NA;NA;NA;NA;NA;NA;NA;NA
NA;NA;NA;NA;NA;NA;NA;NA;NA;NA
NA;NA;NA;NA;NA;NA;NA;NA;NA;NA
NA;NA;NA;NA;NA;NA;NA;NA;NA;NA
NA;NA;NA;NA;NA;NA;NA;NA;NA;NA
NA;NA;NA;NA;NA;NA;NA;NA;NA;NA
NA;NA;NA;NA;NA;NA;NA;NA;NA;NA
NA;NA;NA;NA;NA;NA;NA;NA;NA;NA
NA;NA;NA;NA;NA;NA;NA;NA;NA;NA
NA;NA;NA;NA;NA;NA;NA;NA;NA;NA
NA;NA;NA;NA;NA;NA;NA;NA;NA;NA
NA;NA;NA;NA;NA;NA;NA;NA;NA;NA
NA;NA;NA;NA;NA;NA;NA;NA;NA;NA
NA;NA;NA;NA;NA;NA;NA;NA;NA;NA
NA;NA;NA;NA;NA;NA;NA;NA;NA;NA
NA;NA;NA;NA;NA;NA;NA;NA;NA;NA
NA;NA;NA;NA;NA;NA;NA;NA;NA;NA
NA;NA;NA;NA;NA;NA;NA;NA;NA;NA
NA;NA;NA;NA;NA;NA;NA;NA;NA;NA
NA;NA;NA;NA;NA;NA;NA;NA;NA;NA
NA;NA;NA;NA;NA;NA;NA;NA;NA;NA
NA;NA;NA;NA;NA;NA;NA;NA;NA;NA
NA;NA;NA;NA;NA;NA;NA;NA;NA;NA
NA;NA;NA;NA;NA;NA;NA;NA;NA;NA
NA;NA;NA;NA;NA;NA;NA;NA;NA;NA
NA;NA;NA;NA;NA;NA;NA;NA;NA;NA
NA;NA;NA;NA;NA;NA;NA;NA;NA;NA
NA;NA;NA;NA;NA;NA;NA;NA;NA;NA
NA;NA;NA;NA;NA;NA;NA;NA;NA;NA
NA;NA;NA;NA;NA;NA;NA;NA;NA;NA
NA;NA;NA;NA;NA;NA;NA;NA;NA;NA
NA;NA;NA;NA;NA;NA;NA;NA;NA;NA
NA;NA;NA;NA;NA;NA;NA;NA;NA;NA
NA;NA;NA;NA;NA;NA;NA;NA;NA;NA
NA;NA;NA;NA;NA;NA;NA;NA;NA;NA
NA;NA;NA;NA;NA;NA;NA;NA;NA;NA
NA;NA;NA;NA;NA;NA;NA;NA;NA;NA
NA;NA;NA;NA;NA;NA;NA;NA;NA;NA
NA;NA;NA;NA;NA;NA;NA;NA;NA;NA
NA;NA;NA;NA;NA;NA;NA;NA;NA;NA
NA;NA;NA;NA;NA;NA;NA;NA;NA;NA
NA;NA;NA;NA;NA;NA;NA;NA;NA;NA
NA;NA;NA;NA;NA;NA;NA;NA;NA;NA
NA;NA;NA;NA;NA;NA;NA;NA;NA;NA
NA;NA;NA;NA;NA;NA;NA;NA;NA;NA
NA;NA;NA;NA;NA;NA;NA;NA;NA;NA
NA;NA;NA;NA;NA;NA;NA;NA;NA;NA
NA;NA;NA;NA;NA;NA;NA;NA;NA;NA
NA;NA;NA;NA;NA;NA;NA;NA;NA;NA
NA;NA;NA;NA;NA;NA;NA;NA;NA;NA
NA;NA;NA;NA;NA;NA;NA;NA;NA;NA
NA;NA;NA;NA;NA;NA;NA;NA;NA;NA
NA;NA;NA;NA;NA;NA;NA;NA;NA;NA
NA;NA;NA;NA;NA;NA;NA;NA;NA;NA
NA;NA;NA;NA;NA;NA;NA;NA;NA;NA
NA;NA;NA;NA;NA;NA;NA;NA;NA;NA
NA;NA;NA;NA;NA;NA;NA;NA;NA;NA
NA;NA;NA;NA;NA;NA;NA;NA;NA;NA
NA;NA;NA;NA;NA;NA;NA;NA;NA;NA
NA;NA;NA;NA;NA;NA;NA;NA;NA;NA
NA;NA;NA;NA;NA;NA;NA;NA;NA;NA
NA;NA;NA;NA;NA;NA;NA;NA;NA;NA
NA;NA;NA;NA;NA;NA;NA;NA;NA;NA
NA;NA;NA;NA;NA;NA;NA;NA;NA;NA
NA;NA;NA;NA;NA;NA;NA;NA;NA;NA
NA;NA;NA;NA;NA;NA;NA;NA;NA;NA
NA;NA;NA;NA;NA;NA;NA;NA;NA;NA
NA;NA;NA;NA;NA;NA;NA;NA;NA;NA
NA;NA;NA;NA;NA;NA;NA;NA;NA;NA
NA;NA;NA;NA;NA;NA;NA;NA;NA;NA
NA;NA;NA;NA;NA;NA;NA;NA;NA;NA
NA;NA;NA;NA;NA;NA;NA;NA;NA;NA
NA;NA;NA;NA;NA;NA;NA;NA;NA;NA
NA;NA;NA;NA;NA;NA;NA;NA;NA;NA
NA;NA;NA;NA;NA;NA;NA;NA;NA;NA
NA;NA;NA;NA;NA;NA;NA;NA;NA;NA
NA;NA;NA;NA;NA;NA;NA;NA;NA;NA
NA;NA;NA;NA;NA;NA;NA;NA;NA;NA
NA;NA;NA;NA;NA;NA;NA;NA;NA;NA
NA;NA;NA;NA;NA;NA;NA;NA;NA;NA
NA;NA;NA;NA;NA;NA;NA;NA;NA;NA
NA;NA;NA;NA;NA;NA;NA;NA;NA;NA
NA;NA;NA;NA;NA;NA;NA;NA;NA;NA
NA;NA;NA;NA;NA;NA;NA;NA;NA;NA
NA;NA;NA;NA;NA;NA;NA;NA;NA;NA
NA;NA;NA;NA;NA;NA;NA;NA;NA;NA
NA;NA;NA;NA;NA;NA;NA;NA;NA;NA
NA;NA;NA;NA;NA;NA;NA;NA;NA;NA
NA;NA;NA;NA;NA;NA;NA;NA;NA;NA
NA;NA;NA;NA;NA;NA;NA;NA;NA;NA
NA;NA;NA;NA;NA;NA;NA;NA;NA;NA
NA;NA;NA;NA;NA;NA;NA;NA;NA;NA
NA;NA;NA;NA;NA;NA;NA;NA;NA;NA
NA;NA;NA;NA;NA;NA;NA;NA;NA;NA
NA;NA;NA;NA;NA;NA;NA;NA;NA;NA
NA;NA;NA;NA;NA;NA;NA;NA;NA;NA
NA;NA;NA;NA;NA;NA;NA;NA;NA;NA
NA;NA;NA;NA;NA;NA;NA;NA;NA;NA
NA;NA;NA;NA;NA;NA;NA;NA;NA;NA
NA;NA;NA;NA;NA;NA;NA;NA;NA;NA
NA;NA;NA;NA;NA;NA;NA;NA;NA;NA
NA;NA;NA;NA;NA;NA;NA;NA;NA;NA
NA;NA;NA;NA;NA;NA;NA;NA;NA;NA
NA;NA;NA;NA;NA;NA;NA;NA;NA;NA
NA;NA;NA;NA;NA;NA;NA;NA;NA;NA
NA;NA;NA;NA;NA;NA;NA;NA;NA;NA
NA;NA;NA;NA;NA;NA;NA;NA;NA;NA
NA;NA;NA;NA;NA;NA;NA;NA;NA;NA
NA;NA;NA;NA;NA;NA;NA;NA;NA;NA
NA;NA;NA;NA;NA;NA;NA;NA;NA;NA
NA;NA;NA;NA;NA;NA;NA;NA;NA;NA
NA;NA;NA;NA;NA;NA;NA;NA;NA;NA
NA;NA;NA;NA;NA;NA;NA;NA;NA;NA
NA;NA;NA;NA;NA;NA;NA;NA;NA;NA
NA;NA;NA;NA;NA;NA;NA;NA;NA;NA
NA;NA;NA;NA;NA;NA;NA;NA;NA;NA
NA;NA;NA;NA;NA;NA;NA;NA;NA;NA
NA;NA;NA;NA;NA;NA;NA;NA;NA;NA
NA;NA;NA;NA;NA;NA;NA;NA;NA;NA
NA;NA;NA;NA;NA;NA;NA;NA;NA;NA
NA;NA;NA;NA;NA;NA;NA;NA;NA;NA
NA;NA;NA;NA;NA;NA;NA;NA;NA;NA
NA;NA;NA;NA;NA;NA;NA;NA;NA;NA
NA;NA;NA;NA;NA;NA;NA;NA;NA;NA
NA;NA;NA;NA;NA;NA;NA;NA;NA;NA
NA;NA;NA;NA;NA;NA;NA;NA;NA;NA
